actor_episodes,actor_loss,actor_steps,binary_accuracy,categorical_accuracy,critic_loss,evaluator_episodes,evaluator_steps,learner_steps,learner_walltime,logits_neg,logits_pos,logsumexp,steps_per_second
112,0.0,11200,0.9836912,0.00390625,0.08954845,29,2900,1,0,-12.134958,-13.660118,4.1749396,0.0
121,0.0,12100,0.99609375,0.023254395,0.02209746,31,3100,10,10.51108694076538,-7.274001,-4.658365,0.06235996,61.73647847270695
130,0.0,13000,0.99609375,0.024963379,0.021733288,34,3400,20,20.711797952651978,-7.336955,-4.5676,0.040186655,63.79215060943876
141,0.0,14100,0.99609375,0.030883789,0.021387141,36,3600,30,31.06909155845642,-7.536683,-4.487826,0.04717598,59.808130380544696
150,0.0,15000,0.99609375,0.03387451,0.021070782,39,3900,41,42.21447777748108,-7.9713454,-4.40108,0.044781994,53.85999254807784
159,0.0,15900,0.99609375,0.039978027,0.020923063,41,4100,51,52.57512903213501,-8.430658,-4.3688097,0.11383347,67.1923000385729
169,0.0,16900,0.99609375,0.045166016,0.020511623,44,4400,61,62.639384269714355,-8.981974,-4.259571,0.04007201,61.49026765578703
179,0.0,17900,0.99609375,0.05407715,0.019941667,46,4600,71,72.67404651641846,-10.055731,-4.0971994,0.066417806,70.86892090182783
188,0.0,18800,0.99609375,0.0670166,0.019368261,49,4900,81,83.05823278427124,-11.03535,-3.9470468,0.070404604,57.736225040016414
196,0.0,19600,0.99609375,0.08331299,0.018983334,52,5200,92,94.08315420150757,-12.188089,-3.844282,0.0875794,54.392838276639395
202,0.0,20200,0.99609375,0.09436035,0.018588077,56,5600,103,105.0084137916565,-13.098785,-3.7406163,0.14125651,61.15892613278301
209,0.0,20900,0.99609375,0.10241699,0.018416516,59,5900,113,115.07737016677856,-13.509488,-3.7037668,0.09061139,63.24960998476696
216,0.0,21600,0.99609375,0.09790039,0.01848604,64,6400,123,125.15627217292786,-13.937296,-3.7084517,0.19285825,55.40720797147442
222,0.0,22200,0.99609375,0.11175537,0.017876325,68,6800,134,136.0044858455658,-14.485463,-3.5598052,0.082215294,71.81744938862903
229,0.0,22900,0.99609375,0.113098145,0.018150011,72,7200,145,146.9698691368103,-14.06362,-3.6282558,0.10123198,62.966369515917314
236,0.0,23600,0.99609303,0.10974121,0.018193176,75,7500,155,157.2519805431366,-13.535122,-3.6368356,0.1427056,67.12059332368331
243,0.0,24300,0.99609375,0.12121582,0.01775324,81,8100,166,168.23399686813354,-14.290138,-3.5261872,0.091995314,60.628975512426734
250,0.0,25000,0.99609375,0.11682129,0.017657014,85,8500,177,179.21422815322876,-14.35825,-3.4999297,0.10269407,58.50451693726154
256,0.0,25600,0.99609375,0.12896729,0.017329436,89,8900,188,189.93824791908264,-15.448818,-3.4110498,0.0987427,72.9518116917829
264,0.0,26400,0.9960933,0.1329956,0.017427089,93,9300,198,200.16789984703064,-14.600035,-3.4340503,0.14520359,63.36597823888037
271,0.0,27100,0.9960928,0.14031982,0.01735083,97,9700,209,210.8085629940033,-14.70743,-3.420792,0.084036075,57.06136964485265
277,0.0,27700,0.99609375,0.14178467,0.017036822,101,10100,220,221.67948484420776,-14.908968,-3.3371062,0.067666516,63.35954696826611
284,0.0,28400,0.99609375,0.14422607,0.016967494,104,10400,230,231.91696906089783,-14.81267,-3.3215997,0.1505889,73.10431321115124
291,0.0,29100,0.9960942,0.15808105,0.016697032,109,10900,241,242.7346670627594,-15.366579,-3.2494388,0.087498836,70.54519078849856
297,0.0,29700,0.99609303,0.17150879,0.016671453,114,11400,252,253.57811832427979,-15.308073,-3.2368937,0.15120058,63.30242583227922
304,0.0,30400,0.99609375,0.16485596,0.01690633,118,11800,263,264.38110613822937,-14.922476,-3.3016984,0.11306044,72.2181539560851
312,0.0,31200,0.9960935,0.17962646,0.016467348,122,12200,274,275.2743990421295,-16.03394,-3.1859694,0.1037038,70.54847240944036
320,0.0,32000,0.99609375,0.17321777,0.016538374,126,12600,285,286.418315410614,-15.56218,-3.204315,0.10230909,54.838155041961784
326,0.0,32600,0.9960935,0.16802979,0.016591156,131,13100,296,297.1351339817047,-15.3959675,-3.2181523,0.11646391,57.44260852576241
332,0.0,33200,0.9960935,0.18725586,0.016271958,135,13500,307,307.96128010749817,-15.316117,-3.132552,0.13195086,68.1568263223255
340,0.0,34000,0.9960921,0.17388916,0.016579349,139,13900,317,318.18214106559753,-14.874783,-3.2070587,0.22141033,60.48070764797397
347,0.0,34700,0.99609375,0.18823242,0.016209101,144,14400,328,329.1401836872101,-15.542467,-3.1167793,0.120608345,55.66876565218004
353,0.0,35300,0.9960933,0.1984253,0.015979152,148,14800,338,339.2973005771637,-15.8486395,-3.0580833,0.11589874,51.62018790420297
360,0.0,36000,0.99609137,0.19567871,0.016097844,154,15400,348,350.2255415916443,-15.438158,-3.0822248,0.21282148,54.83258782575018
365,0.0,36500,0.9960933,0.19482422,0.016085684,158,15800,358,360.31611943244934,-15.757045,-3.0825856,0.14789787,61.98557063066375
373,0.0,37300,0.9960942,0.20928955,0.015712079,163,16300,368,370.56229066848755,-16.379108,-2.981887,0.13982573,57.75656071114668
380,0.0,38000,0.99609137,0.2086792,0.015931258,167,16700,379,381.47519540786743,-16.055105,-3.0342033,0.18731628,56.48555505404242
385,0.0,38500,0.9960935,0.21447754,0.015977912,171,17100,390,391.87221455574036,-15.429413,-3.0548959,0.11841719,71.93636991205841
393,0.0,39300,0.9960933,0.21240234,0.01567127,176,17600,400,402.0454409122467,-16.578964,-2.9712753,0.14670727,73.04032251042673
400,0.0,40000,0.99609375,0.2140503,0.015557418,180,18000,411,413.07128953933716,-16.634958,-2.9459615,0.11825622,54.25547151963975
406,0.0,40600,0.99609256,0.21447754,0.015524464,184,18400,422,423.62873935699463,-16.765,-2.9281774,0.15253042,72.7158958327972
413,0.0,41300,0.996094,0.21234131,0.015670162,187,18700,432,433.79913878440857,-15.979359,-2.9749975,0.11346085,71.69597230828401
420,0.0,42000,0.99609613,0.23162842,0.015376142,192,19200,442,443.80322670936584,-16.870005,-2.8949513,0.10915822,53.47124915565827
426,0.0,42600,0.99609137,0.21508789,0.015565299,196,19600,453,454.6171875,-16.411497,-2.9441013,0.14038742,62.20711445083865
433,0.0,43300,0.99609375,0.21551514,0.015487945,200,20000,464,465.4001064300537,-16.635372,-2.9203382,0.13028815,74.02720609303528
441,0.0,44100,0.9960921,0.22735596,0.015323358,204,20400,474,475.462265253067,-16.936409,-2.879963,0.16162066,62.08212120742565
446,0.0,44600,0.99609303,0.2296753,0.015209426,208,20800,485,486.09871196746826,-17.485125,-2.8473625,0.13281013,73.19393312256047
454,0.0,45400,0.99609375,0.22052002,0.0153845325,212,21200,496,497.0517523288727,-16.708942,-2.8941822,0.14083758,62.04887159475511
461,0.0,46100,0.9960909,0.21313477,0.01548007,216,21600,506,507.10172152519226,-16.525461,-2.9170003,0.14450869,58.369212611129306
468,0.0,46800,0.99609256,0.2241211,0.015191274,220,22000,517,518.0852375030518,-16.678288,-2.8401265,0.1546298,52.396052467207994
474,0.0,47400,0.99609447,0.23620605,0.015189439,223,22300,527,528.1031534671783,-16.933392,-2.8442633,0.11274284,68.65023336461911
480,0.0,48000,0.99609303,0.22998047,0.015236806,229,22900,537,538.1943984031677,-17.246067,-2.8574994,0.14260931,60.854883673480956
486,0.0,48600,0.9960935,0.22515869,0.015253096,233,23300,547,548.2503139972687,-16.614662,-2.861257,0.12423621,68.06519703463589
493,0.0,49300,0.996094,0.24053955,0.015085295,237,23700,557,558.4176337718964,-16.921116,-2.8163366,0.14363739,61.78661161540751
499,0.0,49900,0.996088,0.22259521,0.015215799,242,24200,568,569.159969329834,-16.629131,-2.8442903,0.16189227,70.38428466735101
506,0.0,50600,0.9960966,0.24401855,0.014861256,246,24600,578,579.2828052043915,-17.269371,-2.7533824,0.14019328,70.28624140030242
513,0.0,51300,0.9960933,0.23400879,0.015024886,250,25000,588,589.4221584796906,-17.068287,-2.7968354,0.13296212,61.6486294752222
519,0.0,51900,0.9960933,0.2565918,0.0147482725,254,25400,599,600.2505223751068,-17.09082,-2.7223115,0.16039683,69.44037672895729
526,0.0,52600,0.9960947,0.24029541,0.014898429,258,25800,609,610.8131592273712,-17.324982,-2.762762,0.13218738,68.89340999920952
533,0.0,53300,0.9960928,0.23706055,0.0149978595,262,26200,619,620.8375854492188,-16.878635,-2.7853575,0.16824107,62.2340404912965
539,0.0,53900,0.9960935,0.2453003,0.014601248,266,26600,630,631.8661952018738,-17.60048,-2.6820762,0.1437447,58.65241714801618
546,0.0,54600,0.996094,0.25115967,0.014578849,270,27000,640,642.1872699260712,-17.944763,-2.676587,0.1592828,70.53080717154168
553,0.0,55300,0.9960935,0.24719238,0.014884398,275,27500,650,652.4283401966095,-17.130405,-2.7563071,0.15715559,54.30416023356606
559,0.0,55900,0.99609375,0.25201416,0.014728855,279,27900,661,663.4514527320862,-17.100708,-2.7181752,0.14005259,60.21312181071306
566,0.0,56600,0.996094,0.25134277,0.014820223,282,28200,671,673.5729112625122,-17.246647,-2.7384443,0.19718045,70.23881076594674
573,0.0,57300,0.99609494,0.23272705,0.0149262445,288,28800,681,683.7291378974915,-16.811228,-2.7705166,0.14165759,51.75264961124126
579,0.0,57900,0.9960935,0.25201416,0.014752694,292,29200,692,694.474867105484,-17.311668,-2.7244596,0.13545832,62.51873823852733
586,0.0,58600,0.9960916,0.25561523,0.014781857,296,29600,703,705.3270676136017,-16.672842,-2.7303379,0.1642685,70.828661343609
595,0.0,59500,0.9960942,0.24713135,0.014841037,301,30100,713,715.5686237812042,-17.383074,-2.7479959,0.1453297,49.07732661894021
599,0.0,59900,0.996094,0.24938965,0.014634876,305,30500,724,725.9562318325043,-17.289967,-2.6919289,0.14645225,71.37773431153649
606,0.0,60600,0.9960916,0.24932861,0.0145489685,309,30900,734,736.0474045276642,-17.472528,-2.666252,0.16548651,71.48396882815862
613,0.0,61300,0.99609256,0.256958,0.014622111,313,31300,744,746.3364460468292,-17.52657,-2.6809592,0.16737133,62.07449805846257
619,0.0,61900,0.9960978,0.25634766,0.014679969,317,31700,754,756.4459028244019,-17.566282,-2.7001786,0.16225284,60.937509165525185
626,0.0,62600,0.9960942,0.2562256,0.014720872,321,32100,764,766.697268486023,-17.108213,-2.710845,0.173903,60.28561726653862
633,0.0,63300,0.9960902,0.26550293,0.014555099,325,32500,775,777.6664459705353,-17.798061,-2.6621938,0.22263427,61.19885953525104
640,0.0,64000,0.9960978,0.26641846,0.014617296,330,33000,786,788.6734099388123,-17.511421,-2.684389,0.16984382,50.49551224918765
646,0.0,64600,0.9960935,0.24859619,0.014461086,333,33300,797,799.3480913639069,-17.945374,-2.6429005,0.17248914,71.97772524657964
653,0.0,65300,0.9960928,0.25775146,0.014565255,336,33600,807,809.3748917579651,-17.193672,-2.6629367,0.20231855,70.73537843303886
660,0.0,66000,0.99609375,0.26342773,0.01450132,341,34100,818,820.3055062294006,-17.646835,-2.6490777,0.17712852,64.9669051376129
667,0.0,66700,0.9960923,0.25708008,0.014356909,345,34500,829,831.126522064209,-17.490162,-2.6152554,0.18611802,63.52046584356531
673,0.0,67300,0.9960923,0.25805664,0.014533816,348,34800,839,841.1768779754639,-17.34151,-2.6614969,0.1476324,67.87311527803062
680,0.0,68000,0.99609256,0.2705078,0.0143256625,353,35300,849,851.7515466213226,-17.60434,-2.6034698,0.15678537,57.799801387873295
686,0.0,68600,0.99608994,0.2758789,0.01416451,357,35700,859,862.0618286132812,-17.681513,-2.567646,0.17016542,62.136053502168
693,0.0,69300,0.996094,0.25732422,0.014381399,361,36100,869,872.2852680683136,-17.433853,-2.6214223,0.14552142,62.28241297159239
699,0.0,69900,0.9960964,0.2668457,0.014566817,365,36500,879,882.6064429283142,-17.079597,-2.6649961,0.21994302,63.69332535136442
705,0.0,70500,0.9960928,0.2567749,0.014454788,369,36900,890,893.4148797988892,-17.224815,-2.6429517,0.17229146,64.51325387202635
713,0.0,71300,0.9960933,0.27087402,0.014109634,373,37300,900,903.7431693077087,-18.249859,-2.5469387,0.14963906,43.92878585352634
719,0.0,71900,0.9960921,0.2675171,0.014121517,379,37900,911,914.5618414878845,-18.158314,-2.54877,0.14211509,56.33293656456446
726,0.0,72600,0.9960928,0.2732544,0.014357966,383,38300,922,925.3668303489685,-17.162273,-2.611805,0.16232309,64.18269471937528
733,0.0,73300,0.9960921,0.2531128,0.014655186,387,38700,932,935.4603581428528,-17.218304,-2.6919503,0.18444791,68.5603552816682
739,0.0,73900,0.99609756,0.28015137,0.013950977,392,39200,942,945.7599139213562,-18.154377,-2.505511,0.15853491,62.77673563867827
746,0.0,74600,0.99609756,0.26831055,0.014316209,396,39600,953,956.5749514102936,-17.465916,-2.599823,0.17378339,69.70629481037146
753,0.0,75300,0.9960971,0.27514648,0.014031772,399,39900,963,966.6947445869446,-18.519405,-2.5236728,0.1900117,70.41593057549551
759,0.0,75900,0.9960978,0.26416016,0.014243101,405,40500,974,977.3692231178284,-17.69395,-2.5812802,0.16905257,62.15541896341975
766,0.0,76600,0.9960966,0.26312256,0.014377673,409,40900,985,988.1268134117126,-17.656124,-2.6153274,0.18437824,71.88012279059406
774,0.0,77400,0.99610186,0.27233887,0.014046719,413,41300,995,998.4493706226349,-17.956913,-2.5307617,0.14831045,57.576758191753754
781,0.0,78100,0.9960954,0.2730713,0.014171099,418,41800,1006,1009.4897451400757,-17.899048,-2.566781,0.16388442,56.669888091754245
787,0.0,78700,0.99609685,0.27069092,0.014135702,422,42200,1017,1020.4148342609406,-17.945412,-2.5501246,0.17078143,58.89418525259723
794,0.0,79400,0.9960959,0.2810669,0.014151736,426,42600,1028,1031.243179321289,-17.896156,-2.562728,0.16907305,72.0519328115895
802,0.0,80200,0.9961009,0.28027344,0.014002832,431,43100,1039,1042.1452486515045,-18.122225,-2.5186582,0.1823709,60.735493849646566
809,0.0,80900,0.99609494,0.27197266,0.014206283,436,43600,1050,1053.1559402942657,-17.59645,-2.5725348,0.1763696,60.84111844930943
815,0.0,81500,0.9960954,0.27844238,0.014110701,441,44100,1061,1064.043574333191,-17.744452,-2.5472255,0.15338804,60.49298788677497
822,0.0,82200,0.99609566,0.27807617,0.014027712,444,44400,1071,1074.0942437648773,-18.153578,-2.5194106,0.2138861,70.14300489107059
829,0.0,82900,0.9960923,0.26763916,0.0140535105,449,44900,1082,1084.8233799934387,-17.831211,-2.5306542,0.17704113,71.5713177701387
837,0.0,83700,0.9960942,0.27905273,0.01403651,454,45400,1093,1095.8018884658813,-18.059917,-2.5247736,0.18156779,54.72337684259281
842,0.0,84200,0.9960942,0.27386475,0.01428399,458,45800,1104,1106.330815076828,-17.755016,-2.5920982,0.17616406,74.00271656650695
850,0.0,85000,0.99609995,0.27478027,0.014005132,462,46200,1114,1116.3684947490692,-18.243425,-2.5187488,0.18642779,60.75505480246691
857,0.0,85700,0.99609256,0.2774048,0.01396931,466,46600,1125,1127.4266712665558,-17.979687,-2.506905,0.21985348,56.688761100258695
863,0.0,86300,0.99609876,0.2835083,0.013937408,472,47200,1136,1138.145509004593,-18.119827,-2.5024133,0.16784793,60.83477585323441
870,0.0,87000,0.99610066,0.2609253,0.014283094,476,47600,1147,1148.8779730796814,-17.540226,-2.594672,0.1529625,72.23305915843456
878,0.0,87800,0.99609447,0.28674316,0.014051445,481,48100,1158,1159.781231880188,-17.770657,-2.5297444,0.18873629,65.16666917523585
885,0.0,88500,0.99609756,0.27874756,0.014040941,485,48500,1169,1170.7778701782227,-18.125668,-2.5253296,0.17979804,58.48204583436909
892,0.0,89200,0.99609303,0.29821777,0.01371679,490,49000,1180,1181.8470945358276,-18.138912,-2.4406078,0.18734512,54.008126304378486
898,0.0,89800,0.99610233,0.28912354,0.01372762,495,49500,1190,1191.8984088897705,-18.627066,-2.4428756,0.15887402,71.16675689476081
906,0.0,90600,0.99609494,0.27612305,0.013950923,499,49900,1200,1202.1385838985443,-17.731125,-2.500858,0.18690474,61.91954198508499
911,0.0,91100,0.9961009,0.28277588,0.014088193,505,50500,1211,1213.310700893402,-17.721426,-2.5331345,0.20304939,54.50662003487232
918,0.0,91800,0.9960947,0.2753296,0.013999427,509,50900,1221,1223.3301000595093,-17.971928,-2.5119493,0.21012743,72.07745100776958
925,0.0,92500,0.9961002,0.28015137,0.014120392,513,51300,1232,1234.3257048130035,-17.804968,-2.5517495,0.15743297,51.00405356466304
932,0.0,93200,0.9960978,0.27770996,0.013906427,518,51800,1243,1245.3354601860046,-17.69241,-2.4929807,0.15876465,61.95210977460857
938,0.0,93800,0.9960928,0.2871704,0.013762315,521,52100,1253,1255.4080877304077,-18.44189,-2.4496055,0.17224398,71.2159029257009
945,0.0,94500,0.99610496,0.25683594,0.014190039,526,52600,1263,1265.5798254013062,-17.108345,-2.5657668,0.15302572,60.74965125615677
952,0.0,95200,0.9960971,0.26348877,0.0141752865,530,53000,1274,1276.2973415851593,-17.631824,-2.564331,0.15858296,59.81251476175749
959,0.0,95900,0.996099,0.27575684,0.013992807,534,53400,1285,1287.1723833084106,-17.707283,-2.5122375,0.17771357,72.05816075705836
966,0.0,96600,0.99609447,0.27716064,0.013981843,539,53900,1296,1297.993859052658,-17.538296,-2.5062306,0.17175683,63.60371117967168
973,0.0,97300,0.99609613,0.28363037,0.01364355,543,54300,1307,1308.8389930725098,-18.131603,-2.422659,0.17694655,62.171138892453044
980,0.0,98000,0.99609303,0.28125,0.01394937,547,54700,1318,1319.8063700199127,-18.086233,-2.5033317,0.18358268,62.601858824401894
987,0.0,98700,0.9960947,0.2911377,0.013766016,551,55100,1329,1330.6462037563324,-17.97678,-2.447828,0.15817347,62.35181055357796
994,0.0,99400,0.99611187,0.28063965,0.013882138,555,55500,1340,1341.2897555828094,-18.050896,-2.4811575,0.16698101,61.32594960422115
1001,0.0,100100,0.9961026,0.28649902,0.013608485,559,55900,1351,1352.2392218112946,-18.107811,-2.4137306,0.1721062,62.419011565989386
1008,0.0,100800,0.9960978,0.28533936,0.013837996,563,56300,1362,1363.1749732494354,-17.704155,-2.4724736,0.18088004,68.37783699338245
1016,0.0,101600,0.99610305,0.28588867,0.013834172,568,56800,1373,1374.1927058696747,-18.143372,-2.4705644,0.21050644,60.5278795086074
1023,0.0,102300,0.9960964,0.2960205,0.0137364,572,57200,1384,1385.1934206485748,-18.139524,-2.4388833,0.22880483,54.67090507093244
1029,0.0,102900,0.99609995,0.27868652,0.013804298,576,57600,1395,1395.9667241573334,-18.018888,-2.4617352,0.17148332,71.4795527313086
1037,0.0,103700,0.9961028,0.2756958,0.014051671,580,58000,1406,1406.8964936733246,-17.340096,-2.5290253,0.1624169,60.7146958106965
1044,0.0,104400,0.9961059,0.28656006,0.013743918,585,58500,1417,1417.8387246131897,-18.726032,-2.440134,0.21100956,59.72700886197029
1051,0.0,105100,0.9961014,0.29266357,0.013732191,590,59000,1428,1428.8629462718964,-18.601233,-2.4428587,0.18669145,55.76388319632755
1057,0.0,105700,0.9960983,0.29248047,0.013771531,593,59300,1439,1439.5575931072235,-17.977232,-2.453915,0.16149735,70.53833188894255
1064,0.0,106400,0.9961004,0.28564453,0.013990948,598,59800,1449,1449.597882270813,-17.57845,-2.5126874,0.18764153,71.87538818025594
1071,0.0,107100,0.9960983,0.26782227,0.014188461,602,60200,1459,1459.720371723175,-17.205002,-2.5630808,0.1684993,56.63698315820878
1077,0.0,107700,0.9961126,0.28582764,0.0139770005,607,60700,1470,1470.3145394325256,-17.520199,-2.5078905,0.19837287,73.1625132528216
1085,0.0,108500,0.9961009,0.2652588,0.014016295,611,61100,1481,1481.252605676651,-17.622025,-2.5165591,0.17912598,57.597265907372915
1091,0.0,109100,0.99609923,0.29449463,0.013713822,616,61600,1492,1492.1896624565125,-18.238132,-2.4389405,0.17229381,61.53029657398992
1098,0.0,109800,0.9961057,0.28533936,0.013815747,619,61900,1503,1502.930481672287,-17.771265,-2.4626036,0.17379743,70.60230116267999
1105,0.0,110500,0.9961004,0.29022217,0.013990475,624,62400,1513,1513.3229477405548,-17.626545,-2.5094628,0.18650135,71.90376668113123
1112,0.0,111200,0.996094,0.284729,0.013970404,629,62900,1524,1524.3176717758179,-17.512928,-2.5046692,0.18349382,59.95604756897385
1119,0.0,111900,0.99609447,0.28759766,0.01394718,634,63400,1535,1535.2933900356293,-17.536922,-2.5016022,0.17032908,61.57003871014503
1126,0.0,112600,0.9961102,0.29211426,0.013798221,638,63800,1546,1546.3914105892181,-17.905466,-2.459662,0.17603652,57.07226405574994
1133,0.0,113300,0.9961047,0.28076172,0.013967967,642,64200,1556,1556.4807786941528,-17.597492,-2.5036852,0.17196614,60.357079642834016
1139,0.0,113900,0.99610806,0.29962158,0.013875442,646,64600,1567,1567.3131890296936,-17.40668,-2.4800847,0.21211675,70.92297762126056
1147,0.0,114700,0.9961047,0.29052734,0.013844059,651,65100,1578,1578.3818938732147,-17.86119,-2.4702113,0.18223116,55.09479630240421
1153,0.0,115300,0.99610853,0.28814697,0.01388736,654,65400,1589,1589.061030626297,-17.5004,-2.4829788,0.16719586,73.50795172118426
1160,0.0,116000,0.9961066,0.28674316,0.013863739,659,65900,1599,1599.0858063697815,-17.270794,-2.4729137,0.1842421,61.28743136611595
1167,0.0,116700,0.99610615,0.29840088,0.013770702,663,66300,1610,1610.0101947784424,-17.908152,-2.45076,0.18591279,61.491732584778774
1174,0.0,117400,0.99611044,0.29815674,0.013792615,667,66700,1621,1620.9743390083313,-17.81436,-2.4554844,0.19016838,61.4773680260516
1181,0.0,118100,0.99610615,0.28771973,0.013909079,671,67100,1632,1631.7330107688904,-17.26031,-2.4827185,0.17706501,72.8225583385194
1188,0.0,118800,0.99610496,0.28375244,0.01396318,675,67500,1643,1642.6680784225464,-17.665775,-2.5039425,0.15922076,62.350304358904495
1195,0.0,119500,0.99610186,0.2946167,0.013757178,679,67900,1654,1653.5328903198242,-17.397982,-2.4446628,0.1903095,71.45818424885246
1202,0.0,120200,0.9961047,0.29595947,0.013855872,683,68300,1665,1664.2226462364197,-17.434214,-2.4716725,0.17973894,62.31763495418262
1209,0.0,120900,0.99610186,0.2984619,0.013849597,687,68700,1676,1675.0285818576813,-17.329636,-2.469825,0.1851054,73.21808989852015
1216,0.0,121600,0.99611664,0.28649902,0.013718292,691,69100,1687,1685.7856676578522,-17.737673,-2.4309826,0.19164936,62.3176204870672
1223,0.0,122300,0.9961102,0.29467773,0.013802133,695,69500,1698,1696.614869594574,-17.308899,-2.4524643,0.20936325,69.87435106651034
1230,0.0,123000,0.9960942,0.2902832,0.013670335,700,70000,1709,1707.6232378482819,-17.605297,-2.4218311,0.17147964,58.86724382863737
1237,0.0,123700,0.9961095,0.31524658,0.013433334,704,70400,1720,1718.4340827465057,-17.823174,-2.3548012,0.23140475,72.66367496449858
1245,0.0,124500,0.9961047,0.30371094,0.013664521,708,70800,1731,1729.5113878250122,-17.099884,-2.4233234,0.1763244,53.394627467509466
1251,0.0,125100,0.99610424,0.29815674,0.013625084,713,71300,1742,1740.1683530807495,-17.714289,-2.4112468,0.19091247,71.46510905375814
1257,0.0,125700,0.99611783,0.29449463,0.0138587,717,71700,1753,1750.792732000351,-17.316036,-2.4719357,0.19184919,75.43739789966634
1265,0.0,126500,0.9961016,0.2868042,0.013808228,721,72100,1763,1760.8719153404236,-17.697714,-2.4582837,0.17256343,73.18970233666252
1272,0.0,127200,0.99611926,0.29553223,0.0137871355,727,72700,1773,1770.9790441989899,-17.592773,-2.448203,0.19039822,49.18395576227352
1278,0.0,127800,0.9961028,0.29003906,0.013860323,731,73100,1784,1781.9284675121307,-17.394936,-2.4732184,0.15792269,60.7600329654336
1285,0.0,128500,0.99610806,0.2975464,0.013756663,735,73500,1794,1792.1550254821777,-17.232292,-2.441648,0.19577107,53.68135803096229
1292,0.0,129200,0.9961004,0.28149414,0.013797369,739,73900,1804,1802.1558747291565,-17.013391,-2.456859,0.16066569,54.743944954932964
1297,0.0,129700,0.9961014,0.30078125,0.013727703,745,74500,1815,1813.0458679199219,-17.21418,-2.4340858,0.1947569,71.77838916236004
1305,0.0,130500,0.9961097,0.30004883,0.013636062,749,74900,1826,1823.9173729419708,-17.277761,-2.4119442,0.17855214,73.12695658238201
1312,0.0,131200,0.99611855,0.30841064,0.013616789,754,75400,1837,1834.6461634635925,-17.444838,-2.4058485,0.18623246,74.2287564150034
1319,0.0,131900,0.99610233,0.29040527,0.013641097,758,75800,1847,1844.8295593261719,-17.704922,-2.4122696,0.17944366,54.65810333740975
1325,0.0,132500,0.99611855,0.29449463,0.013721835,762,76200,1858,1855.6026532649994,-17.365543,-2.432386,0.17929146,71.40877935313894
1333,0.0,133300,0.99610233,0.2888794,0.013817148,766,76600,1868,1865.870668888092,-17.10989,-2.4593732,0.19119823,60.94254494600123
1339,0.0,133900,0.996114,0.2824707,0.013930462,771,77100,1879,1876.5902171134949,-16.84113,-2.4931757,0.17063354,61.241974687864605
1345,0.0,134500,0.9961033,0.29803467,0.013594973,775,77500,1890,1887.0176587104797,-17.479713,-2.4040778,0.184851,73.47002755856914
1353,0.0,135300,0.9960997,0.30151367,0.013851292,780,78000,1900,1897.1220116615295,-16.70383,-2.4672751,0.20745616,69.24484234046577
1360,0.0,136000,0.9961226,0.29815674,0.01365396,785,78500,1911,1908.194084405899,-17.596968,-2.414575,0.18540141,56.45019264974254
1365,0.0,136500,0.99611855,0.30413818,0.013504043,791,79100,1922,1918.9095621109009,-17.63207,-2.3731236,0.19079286,64.66311114708385
1373,0.0,137300,0.99612045,0.29907227,0.0136211105,796,79600,1933,1929.709151506424,-17.320019,-2.408978,0.19126377,73.68517364099144
1381,0.0,138100,0.99612236,0.30810547,0.013422372,800,80000,1944,1940.5792922973633,-17.705921,-2.3542516,0.19279504,61.020054169740185
1387,0.0,138700,0.99611545,0.3001709,0.013758732,805,80500,1954,1950.6462845802307,-17.130198,-2.4437737,0.20681036,63.28110094572005
1394,0.0,139400,0.99611306,0.293396,0.013996673,808,80800,1965,1961.5102515220642,-16.914192,-2.5075142,0.18797693,71.73927553971062
1401,0.0,140100,0.9961157,0.3005371,0.0137882875,813,81300,1976,1972.5107769966125,-17.25351,-2.4496129,0.17650221,63.007338305655075
1408,0.0,140800,0.99611545,0.2880249,0.0138194505,817,81700,1986,1982.873815536499,-16.759684,-2.4600396,0.1843624,62.30010573837226
1415,0.0,141500,0.99611306,0.28527832,0.014070671,821,82100,1997,1993.7107892036438,-16.859236,-2.5321069,0.17587763,59.325361712039935
1421,0.0,142100,0.996109,0.2960205,0.013608696,825,82500,2008,2004.5271546840668,-17.208538,-2.401362,0.20232864,73.56558681497327
1428,0.0,142800,0.9961214,0.30200195,0.01355142,830,83000,2019,2015.3103802204132,-17.542345,-2.3842483,0.18774903,71.60377294572463
1435,0.0,143500,0.99610925,0.30004883,0.013629297,833,83300,2029,2025.3505465984344,-17.368038,-2.4034677,0.21160513,71.119129472707
1442,0.0,144200,0.9961095,0.2947998,0.013975099,838,83800,2040,2036.3518798351288,-16.760244,-2.4997823,0.18355939,60.72205729197299
1449,0.0,144900,0.99610424,0.2925415,0.013745694,842,84200,2051,2047.2401258945465,-17.093668,-2.4388509,0.1854848,71.92804287245445
1456,0.0,145600,0.9961121,0.29803467,0.0137477,847,84700,2062,2058.254716873169,-17.107574,-2.442664,0.20447668,62.5851178072176
1463,0.0,146300,0.9961283,0.2960205,0.013516238,851,85100,2072,2068.2937381267548,-17.583956,-2.3804324,0.17658459,54.78608919197314
1469,0.0,146900,0.9961176,0.28881836,0.013732791,854,85400,2083,2078.8390905857086,-16.84418,-2.4354074,0.19903761,72.6819329107652
1476,0.0,147600,0.9961138,0.3005371,0.013525425,859,85900,2094,2089.9141154289246,-17.428787,-2.3829978,0.17734998,59.27593454363338
1484,0.0,148400,0.99611235,0.2998047,0.013510831,863,86300,2105,2101.0355904102325,-17.464424,-2.3740225,0.20089367,56.23697696201635
1490,0.0,149000,0.99610853,0.289917,0.0137023665,867,86700,2115,2111.1426162719727,-16.933134,-2.4276748,0.20068513,60.80890900482737
1497,0.0,149700,0.9961219,0.29296875,0.013530863,872,87200,2126,2121.781714439392,-17.721214,-2.382935,0.20434664,63.561496860230534
1504,0.0,150400,0.99613094,0.3121338,0.01348816,876,87600,2136,2131.856785774231,-17.498901,-2.3687134,0.20524898,64.10633176567407
1510,0.0,151000,0.99611425,0.30529785,0.013708163,881,88100,2147,2142.3922753334045,-16.999191,-2.4290586,0.20903769,63.47570506896751
1517,0.0,151700,0.99610233,0.2977295,0.013479352,886,88600,2157,2153.216625213623,-17.435844,-2.3663893,0.19253841,71.41328170122065
1524,0.0,152400,0.99612427,0.30090332,0.013699571,891,89100,2167,2163.5568680763245,-17.303316,-2.4252963,0.20700201,59.55507673248216
1530,0.0,153000,0.99611974,0.28735352,0.0138809495,895,89500,2178,2174.5045778751373,-16.84093,-2.4775038,0.2004618,62.57942760908224
1537,0.0,153700,0.99611974,0.29229736,0.013581639,899,89900,2189,2185.4189236164093,-17.414282,-2.3970861,0.19142836,69.86154874359514
1544,0.0,154400,0.99611354,0.29559326,0.01373696,904,90400,2200,2196.087040424347,-16.737404,-2.4385352,0.18437956,71.9842878304699
1552,0.0,155200,0.9961088,0.2956543,0.0136658335,908,90800,2210,2206.315290927887,-17.032335,-2.4165087,0.19712672,49.62138302999091
1557,0.0,155700,0.99611735,0.29034424,0.013733276,913,91300,2220,2216.4034221172333,-17.060883,-2.4330962,0.19300665,73.3216853565834
1565,0.0,156500,0.99612236,0.30163574,0.013693139,919,91900,2230,2226.6137249469757,-17.384125,-2.4228835,0.19813548,57.94651966370417
1569,0.0,156900,0.99612,0.31958008,0.013467532,924,92400,2241,2237.3112692832947,-16.916597,-2.3669434,0.18607444,74.22064952738972
1577,0.0,157700,0.996109,0.30273438,0.013691283,930,93000,2251,2247.6867327690125,-17.179443,-2.419696,0.21963435,72.73607202846412
1585,0.0,158500,0.9961159,0.3059082,0.013541434,936,93600,2262,2258.509617805481,-17.133354,-2.3800964,0.21826753,59.366454289334314
1592,0.0,159200,0.99613047,0.31323242,0.013633193,942,94200,2273,2269.2049453258514,-16.924465,-2.4024036,0.2136145,51.204355839291445
1597,0.0,159700,0.9961262,0.2962036,0.013629156,946,94600,2284,2279.806410551071,-16.721685,-2.402278,0.19482896,73.98686823863402
1605,0.0,160500,0.9961102,0.2937622,0.013718985,951,95100,2294,2290.096286058426,-16.866322,-2.427298,0.18451373,71.53500288473965
1613,0.0,161300,0.9961357,0.3008423,0.013595026,956,95600,2305,2301.0839314460754,-16.727093,-2.3962383,0.1946758,48.24739954084752
1618,0.0,161800,0.9961226,0.28985596,0.013749892,959,95900,2316,2311.637568950653,-16.569586,-2.437213,0.18954542,71.1122338743048
1625,0.0,162500,0.9961214,0.3139038,0.013450541,964,96400,2327,2322.4992558956146,-17.149094,-2.3601153,0.20817207,71.61414571393661
1633,0.0,163300,0.9961202,0.30462646,0.013539417,968,96800,2337,2332.7347328662872,-17.00077,-2.3831913,0.19302647,55.2725284047622
1639,0.0,163900,0.99611926,0.30218506,0.013692568,973,97300,2348,2343.7014243602753,-16.79567,-2.4178152,0.19485423,58.74064267429815
1646,0.0,164600,0.9961202,0.3024292,0.013504552,977,97700,2358,2354.0000700950623,-17.126865,-2.3732176,0.18475485,60.39434186061999
1653,0.0,165300,0.99611306,0.3048706,0.01361332,981,98100,2369,2364.800140142441,-16.966263,-2.4042442,0.20507458,62.039837072180426
1659,0.0,165900,0.9961064,0.29870605,0.013492889,985,98500,2379,2374.9176168441772,-17.25382,-2.3736992,0.19330561,61.64351880131593
1666,0.0,166600,0.99611235,0.31237793,0.01325468,989,98900,2390,2385.8523116111755,-17.40377,-2.3095198,0.18115166,58.65322452892977
1673,0.0,167300,0.99610996,0.307312,0.013515095,993,99300,2400,2395.9853909015656,-17.315739,-2.378113,0.18990703,58.859086190859806
1679,0.0,167900,0.99612427,0.3168335,0.013284467,997,99700,2411,2407.152596473694,-17.19733,-2.315787,0.18658328,54.53228711804254
1687,0.0,168700,0.99612474,0.2991333,0.013852455,1002,100200,2422,2418.1785838603973,-16.516748,-2.4657366,0.21947089,61.26584816201627
1693,0.0,169300,0.99611044,0.30786133,0.013581008,1006,100600,2433,2428.9430248737335,-17.131435,-2.3933132,0.19822496,72.56173312054253
1700,0.0,170000,0.9961231,0.30511475,0.013799687,1010,101000,2443,2438.9699029922485,-16.219381,-2.4497867,0.20039634,62.28060667776155
1707,0.0,170700,0.99611807,0.31066895,0.013581921,1014,101400,2453,2449.304223060608,-16.969725,-2.392725,0.19780675,60.453085121069236
1713,0.0,171300,0.99612665,0.3088379,0.0134482365,1018,101800,2463,2459.441812992096,-16.819408,-2.3580701,0.1950702,61.651248847062625
1719,0.0,171900,0.99612904,0.29815674,0.01374286,1022,102200,2473,2469.515976190567,-16.71746,-2.4334545,0.19762266,69.94377253037163
1726,0.0,172600,0.99612045,0.3012085,0.013667018,1026,102600,2483,2479.656928062439,-16.57642,-2.4137611,0.18858078,56.4033644239275
1732,0.0,173200,0.99614334,0.2960205,0.013597289,1030,103000,2493,2489.6682929992676,-16.72408,-2.3949184,0.18341248,60.50407300461542
1739,0.0,173900,0.9961233,0.2956543,0.013705644,1034,103400,2503,2499.8849086761475,-16.384579,-2.4263437,0.19025454,58.47349783911892
1745,0.0,174500,0.99612904,0.30023193,0.013612233,1040,104000,2514,2510.7828934192657,-16.381836,-2.4010563,0.19113845,69.06433429514928
1752,0.0,175200,0.9961333,0.3135376,0.0136156585,1044,104400,2525,2521.555081129074,-16.876347,-2.4001746,0.21305527,64.28577046162054
1759,0.0,175900,0.9961202,0.2946167,0.013856135,1048,104800,2536,2532.319446325302,-15.956862,-2.4667954,0.17156625,73.43055560494655
1767,0.0,176700,0.9961157,0.29858398,0.013780963,1053,105300,2546,2542.326197862625,-16.342976,-2.4460008,0.19879857,53.43375109928805
1773,0.0,177300,0.9961293,0.30877686,0.013654439,1059,105900,2557,2553.129961013794,-16.35287,-2.4106123,0.18142387,54.728765688862396
1779,0.0,177900,0.9961169,0.29675293,0.013674861,1063,106300,2567,2563.149745941162,-16.211052,-2.416381,0.19135588,70.39628239237072
1787,0.0,178700,0.9961436,0.30773926,0.013471832,1067,106700,2577,2573.225487470627,-16.71613,-2.35892,0.20982867,51.17086619651859
1793,0.0,179300,0.9961324,0.31671143,0.01332137,1073,107300,2588,2583.9584851264954,-17.13897,-2.3207636,0.21157925,56.71893374037104
1799,0.0,179900,0.99613404,0.30688477,0.01361298,1078,107800,2599,2594.770607948303,-16.584509,-2.3986468,0.19757536,72.02078990253794
1807,0.0,180700,0.9961262,0.3053589,0.013643269,1082,108200,2610,2605.5190737247467,-16.510891,-2.403273,0.21061343,72.52591526882243
1814,0.0,181400,0.996114,0.30456543,0.013778974,1087,108700,2620,2615.8968138694763,-16.362526,-2.4421978,0.19395448,42.42433077503946
1819,0.0,181900,0.9961376,0.3189087,0.01331228,1093,109300,2631,2626.374233007431,-16.922993,-2.3182333,0.19717701,73.54956240502702
1827,0.0,182700,0.99612045,0.31817627,0.013440073,1098,109800,2641,2636.573221683502,-17.074509,-2.353503,0.20195672,71.60627512490764
1835,0.0,183500,0.9961045,0.3001709,0.013743363,1103,110300,2652,2647.5340991020203,-16.75378,-2.4317226,0.21255796,54.23523588201232
1840,0.0,184000,0.99611187,0.30737305,0.013549975,1110,111000,2663,2658.1546263694763,-16.498646,-2.3817897,0.20857048,61.11555210403025
1847,0.0,184700,0.99613,0.30291748,0.013732791,1113,111300,2674,2668.9761066436768,-16.30842,-2.4329538,0.20101765,72.1890802889871
1855,0.0,185500,0.99612737,0.29766846,0.013661708,1119,111900,2684,2679.354728460312,-16.196255,-2.410604,0.20759006,70.12563369891026
1862,0.0,186200,0.9961157,0.30322266,0.013446497,1126,112600,2695,2690.137516260147,-16.443188,-2.351998,0.19665542,51.68348776645538
1867,0.0,186700,0.9961183,0.30847168,0.013646049,1131,113100,2706,2700.8413047790527,-16.498535,-2.4059296,0.20843999,74.93916352251298
1875,0.0,187500,0.9961276,0.3013916,0.013507394,1136,113600,2716,2711.252376317978,-16.47523,-2.3676171,0.19490805,72.20702279250943
1881,0.0,188100,0.9961164,0.31951904,0.013544719,1140,114000,2726,2721.2534210681915,-16.714178,-2.380197,0.20515946,59.9129314935678
1887,0.0,188700,0.996125,0.3059082,0.013608144,1146,114600,2737,2731.9111268520355,-16.260948,-2.399778,0.19996454,66.3286729840254
1895,0.0,189500,0.9961219,0.3060913,0.013558865,1151,115100,2747,2742.1387906074524,-16.599129,-2.3864598,0.2013224,72.14162615954899
1901,0.0,190100,0.9961307,0.31878662,0.013454633,1155,115500,2757,2752.2578086853027,-16.638712,-2.3571258,0.20925245,58.197590712509786
1907,0.0,190700,0.9961159,0.31695557,0.013510053,1160,116000,2767,2762.5618288517,-16.250929,-2.3741345,0.19787776,72.12939443494729
1915,0.0,191500,0.99614835,0.31854248,0.013386913,1165,116500,2777,2772.644095659256,-16.757627,-2.3376446,0.19145876,53.63101461112261
1921,0.0,192100,0.99611807,0.30877686,0.013455084,1169,116900,2788,2783.3995423316956,-16.705633,-2.3586936,0.19360682,55.24959391560854
1927,0.0,192700,0.9961302,0.31030273,0.013625419,1173,117300,2799,2794.1500251293182,-16.154915,-2.4007087,0.19978206,70.65959707764817
1935,0.0,193500,0.9961238,0.31604004,0.013602682,1178,117800,2809,2804.511200428009,-16.291803,-2.3997111,0.19539171,55.469687257584646
1941,0.0,194100,0.99612856,0.32159424,0.013445994,1182,118200,2819,2814.5852296352386,-16.486742,-2.355691,0.19949508,53.04886036099685
1947,0.0,194700,0.99612164,0.3215332,0.013266376,1186,118600,2830,2825.302626848221,-16.99726,-2.3066752,0.23277116,75.59104899421428
1954,0.0,195400,0.9961357,0.3022461,0.013624158,1191,119100,2840,2835.339446544647,-16.351906,-2.3998823,0.2148507,74.61100005558953
1962,0.0,196200,0.99611664,0.30639648,0.013570331,1195,119500,2851,2846.2900519371033,-16.310099,-2.3902674,0.1920692,54.598426292300566
1968,0.0,196800,0.99613476,0.30633545,0.013576582,1200,120000,2862,2857.2100644111633,-15.970349,-2.3869934,0.20461124,62.75814023843541
1975,0.0,197500,0.9961276,0.30999756,0.013468137,1204,120400,2873,2868.1323442459106,-16.026985,-2.3605409,0.20295787,60.58079833320996
1982,0.0,198200,0.99613976,0.31170654,0.013532407,1208,120800,2883,2878.42298579216,-16.314417,-2.3728194,0.21261238,58.11608301708201
1988,0.0,198800,0.9961357,0.31195068,0.013641832,1212,121200,2894,2889.2765171527863,-16.029753,-2.4047008,0.19660884,72.64766746269045
1996,0.0,199600,0.9961374,0.31158447,0.013473781,1216,121600,2905,2900.2461931705475,-16.353634,-2.3572826,0.21041194,62.21149717779269
2002,0.0,200200,0.99612474,0.3173828,0.013681014,1219,121900,2915,2910.5001604557037,-15.938898,-2.4143758,0.2007835,65.77686601890076
2009,0.0,200900,0.99614215,0.3092041,0.013657482,1224,122400,2926,2921.3471026420593,-15.742784,-2.4077988,0.2018607,61.56543525302368
2016,0.0,201600,0.99612164,0.30273438,0.013593967,1228,122800,2937,2932.137410879135,-15.796915,-2.393838,0.19931966,74.75809343026094
2022,0.0,202200,0.9961312,0.31481934,0.013484965,1233,123300,2947,2942.213835477829,-16.25309,-2.3665397,0.19854712,71.52009851631384
2029,0.0,202900,0.99613047,0.31243896,0.01337708,1237,123700,2957,2952.314195394516,-16.261955,-2.3376791,0.19789922,63.48097394951564
2036,0.0,203600,0.99612427,0.31298828,0.01375617,1241,124100,2968,2963.1485505104065,-15.586342,-2.4418902,0.18780117,70.38686844717027
2044,0.0,204400,0.9961443,0.31201172,0.013458007,1247,124700,2979,2974.1309611797333,-15.909835,-2.3558369,0.2088373,54.50644295173913
2049,0.0,204900,0.996124,0.31066895,0.013516613,1250,125000,2990,2984.6582067012787,-15.723945,-2.3748865,0.20790553,74.70285770261727
2057,0.0,205700,0.99613404,0.3242798,0.013508767,1255,125500,3000,2995.13845539093,-16.140736,-2.3699946,0.20445609,54.11629838575712
2064,0.0,206400,0.99613166,0.307312,0.013536489,1260,126000,3011,3005.9715871810913,-16.2164,-2.3788548,0.19059436,71.89808533689741
2070,0.0,207000,0.9961369,0.32025146,0.013323832,1266,126600,3022,3016.877475500107,-16.140347,-2.32349,0.19352375,62.824617725014775
2077,0.0,207700,0.9961271,0.3128662,0.013558369,1270,127000,3032,3027.006391763687,-16.061686,-2.382828,0.18674938,70.50414997645356
2084,0.0,208400,0.9961107,0.30706787,0.013648556,1274,127400,3042,3037.0263764858246,-16.075195,-2.408143,0.20202914,64.65115051323922
2090,0.0,209000,0.99612904,0.32061768,0.01336561,1279,127900,3053,3047.7528574466705,-16.643791,-2.3318338,0.19422679,58.219010333810694
2097,0.0,209700,0.99613214,0.31274414,0.0134964315,1282,128200,3063,3057.8419227600098,-16.335268,-2.3717115,0.20636551,56.87583488269849
2104,0.0,210400,0.9961448,0.31048584,0.01336249,1287,128700,3073,3068.2057263851166,-16.338673,-2.333706,0.19803415,52.53636615750569
2110,0.0,211000,0.99616265,0.32788086,0.0133903455,1291,129100,3084,3079.166756629944,-16.008152,-2.336611,0.20446257,58.077180089254824
2117,0.0,211700,0.99613595,0.31536865,0.01343164,1295,129500,3094,3089.1696333885193,-16.064919,-2.349503,0.19874522,60.4297455172184
2124,0.0,212400,0.99613285,0.31134033,0.013732839,1299,129900,3105,3100.0558512210846,-15.9258175,-2.4293413,0.20233923,62.29760443507783
2131,0.0,213100,0.9961326,0.30511475,0.013743743,1303,130300,3116,3111.0124661922455,-15.800195,-2.4310427,0.1976741,61.05665372758045
2137,0.0,213700,0.9961171,0.31799316,0.013288524,1307,130700,3126,3121.170238018036,-16.240314,-2.3155212,0.2061485,71.43477541201298
2144,0.0,214400,0.99613,0.29797363,0.013749642,1312,131200,3136,3131.4161098003387,-15.7356415,-2.434185,0.2048232,61.506202507398555
2149,0.0,214900,0.99616456,0.32281494,0.013366557,1316,131600,3146,3141.4279675483704,-15.976326,-2.3260899,0.21743087,66.26551930222047
2156,0.0,215600,0.9961276,0.31011963,0.013485979,1320,132000,3156,3151.5113565921783,-15.847539,-2.3624213,0.21453047,72.80557241651654
2163,0.0,216300,0.99613166,0.3121338,0.013405716,1324,132400,3166,3161.561920404434,-16.185524,-2.3455148,0.19371316,59.08306479107849
2169,0.0,216900,0.9961412,0.31115723,0.013613921,1328,132800,3177,3172.3062450885773,-16.109077,-2.4006817,0.2096014,73.40577668722796
2176,0.0,217600,0.9961064,0.31018066,0.013586944,1332,133200,3187,3182.3254177570343,-15.939188,-2.3915734,0.22930369,69.44562238627
2183,0.0,218300,0.99612737,0.31500244,0.013476743,1337,133700,3197,3192.881496667862,-15.909462,-2.3629193,0.18779905,56.642241554847836
2189,0.0,218900,0.9961207,0.30615234,0.013535026,1341,134100,3208,3203.7296645641327,-15.824273,-2.3739448,0.20697182,72.70279912139819
2197,0.0,219700,0.99614024,0.32885742,0.0133368205,1345,134500,3219,3214.7809357643127,-15.923462,-2.3215232,0.21422094,59.88105588212396
2203,0.0,220300,0.9961333,0.32537842,0.013325276,1350,135000,3229,3224.81916308403,-16.241573,-2.3189864,0.20692298,58.91230643696535
2210,0.0,221000,0.99613523,0.2929077,0.01393523,1353,135300,3239,3234.8249700069427,-15.322121,-2.48304,0.19659096,55.53454789801364
2217,0.0,221700,0.9961269,0.30523682,0.013415191,1357,135700,3250,3245.5598464012146,-16.209106,-2.3464334,0.20194182,60.655032109705125
2224,0.0,222400,0.99611783,0.30126953,0.013680394,1362,136200,3261,3256.7064294815063,-15.695166,-2.4175267,0.1905998,54.40740167221884
2230,0.0,223000,0.9961183,0.31292725,0.0135735525,1366,136600,3271,3266.7894082069397,-15.859875,-2.3886137,0.21825726,58.22389727572445
2237,0.0,223700,0.9961281,0.31835938,0.013472114,1370,137000,3281,3276.967229604721,-16.389656,-2.3594427,0.21817291,55.918414893164936
2243,0.0,224300,0.9961374,0.31158447,0.013623834,1375,137500,3292,3287.592278242111,-15.623078,-2.404313,0.17749804,61.36260854478044
2250,0.0,225000,0.99613094,0.32202148,0.013482442,1379,137900,3302,3297.734454870224,-15.785973,-2.3685794,0.17628327,60.5350728929575
2256,0.0,225600,0.99612546,0.30236816,0.013818858,1383,138300,3312,3307.7574038505554,-15.684971,-2.453997,0.20385754,71.44074501471208
2263,0.0,226300,0.9961386,0.31536865,0.013567263,1388,138800,3322,3318.160300254822,-16.154045,-2.3828156,0.21059948,53.26134134184979
2270,0.0,227000,0.99613714,0.3137207,0.013550492,1392,139200,3333,3329.206456899643,-16.12556,-2.3770819,0.20079362,56.27426685405507
2276,0.0,227600,0.9961364,0.3067627,0.01350484,1397,139700,3344,3339.92569899559,-15.909464,-2.3652763,0.20196712,62.483477700604475
2283,0.0,228300,0.996114,0.3145752,0.0135488855,1400,140000,3354,3350.0551426410675,-15.909179,-2.37744,0.2073645,71.85283998044919
2290,0.0,229000,0.99612904,0.3149414,0.013399404,1405,140500,3364,3360.4389877319336,-16.103199,-2.339588,0.21315798,59.45818597189222
2297,0.0,229700,0.9961431,0.3270874,0.01337065,1410,141000,3375,3371.2735278606415,-16.018703,-2.3290849,0.21077794,56.2119051308576
2303,0.0,230300,0.99612284,0.31933594,0.013487589,1414,141400,3385,3381.3820807933807,-15.993494,-2.3629017,0.20065537,61.055265002622484
2309,0.0,230900,0.99612546,0.30932617,0.013660956,1418,141800,3395,3391.488916873932,-15.954689,-2.4060066,0.21032688,57.75632460103053
2315,0.0,231500,0.9961448,0.31854248,0.013508419,1422,142200,3405,3401.511687517166,-15.896538,-2.3718045,0.19451454,72.24221520707687
2323,0.0,232300,0.99612117,0.31115723,0.013689156,1426,142600,3415,3411.7564096450806,-15.648077,-2.4181893,0.19831046,63.820496940040194
2329,0.0,232900,0.99611497,0.2999878,0.013776682,1431,143100,3426,3422.3893880844116,-15.702595,-2.4411283,0.20695652,72.43268441248905
2336,0.0,233600,0.9961395,0.3079834,0.0136296125,1435,143500,3437,3433.297488451004,-15.533281,-2.4013245,0.20845476,61.746333835626935
2343,0.0,234300,0.9961386,0.29962158,0.013637535,1439,143900,3448,3444.143390893936,-15.842173,-2.4032657,0.20111763,74.66925693596622
2350,0.0,235000,0.9961369,0.32061768,0.013361662,1443,144300,3458,3454.16210770607,-16.170227,-2.3316493,0.18900272,62.33436343286008
2357,0.0,235700,0.9961417,0.32598877,0.013415048,1447,144700,3469,3465.065674304962,-16.030397,-2.3443036,0.2022402,54.86247585521735
2364,0.0,236400,0.996125,0.3156128,0.013455272,1451,145100,3480,3476.0429887771606,-15.90992,-2.3563724,0.20926258,58.326573501331076
2371,0.0,237100,0.99612737,0.3201294,0.013418501,1455,145500,3491,3486.9585933685303,-16.199587,-2.3465822,0.20230955,60.77974734904885
2378,0.0,237800,0.99613667,0.32647705,0.01334789,1459,145900,3502,3497.7667298316956,-15.813935,-2.323735,0.19710787,62.574380248129195
2385,0.0,238500,0.9961169,0.31549072,0.013556412,1464,146400,3513,3508.720765352249,-15.50707,-2.3850274,0.19406286,61.51725326452134
2392,0.0,239200,0.99613476,0.3270874,0.013385188,1468,146800,3524,3519.743909597397,-16.037443,-2.3355222,0.19268142,60.4516692613462
2398,0.0,239800,0.9961457,0.31518555,0.013465258,1471,147100,3534,3529.8206403255463,-15.992548,-2.3542943,0.21835637,72.49391107273847
2405,0.0,240500,0.9961324,0.3199463,0.013484329,1476,147600,3544,3540.010558605194,-15.7562275,-2.358875,0.21722299,58.0532280381682
2411,0.0,241100,0.9961591,0.3149414,0.01341708,1480,148000,3555,3550.8169548511505,-15.962499,-2.3408124,0.21023817,74.12068036227082
2418,0.0,241800,0.9961407,0.3206787,0.013399664,1485,148500,3566,3561.4833936691284,-16.176142,-2.337721,0.21059227,73.20167752593558
2425,0.0,242500,0.9961331,0.3104248,0.013646666,1489,148900,3576,3571.5761358737946,-15.779569,-2.4056034,0.20293152,72.27596293519044
2431,0.0,243100,0.99614954,0.32354736,0.013315213,1492,149200,3586,3581.687410593033,-15.767771,-2.314928,0.2156331,71.32684851370655
2438,0.0,243800,0.9961333,0.3248291,0.0134177,1497,149700,3596,3591.946881532669,-15.909899,-2.3417277,0.20660955,72.8077445924878
2445,0.0,244500,0.99616265,0.3236084,0.013267798,1501,150100,3606,3602.1172664165497,-15.9774,-2.301043,0.2245635,62.6022822094474
2450,0.0,245000,0.9961574,0.32580566,0.0133392215,1505,150500,3616,3612.2224266529083,-15.895796,-2.3234048,0.21932356,75.5181285681049
2457,0.0,245700,0.9961207,0.33129883,0.013205728,1510,151000,3626,3622.337057828903,-16.153671,-2.288028,0.21645057,72.63866388489754
2464,0.0,246400,0.996125,0.3250122,0.013380902,1515,151500,3637,3633.163785457611,-15.9672365,-2.3336203,0.21788329,69.79443158722098
2471,0.0,247100,0.99613404,0.3237915,0.013462935,1519,151900,3648,3644.1443910598755,-15.876392,-2.3564172,0.2124094,62.88057010433189
2478,0.0,247800,0.99613357,0.32403564,0.0134508535,1523,152300,3658,3654.5064358711243,-16.149555,-2.3517742,0.20589176,72.55182919165937
2484,0.0,248400,0.996145,0.32434082,0.013146411,1528,152800,3668,3664.653949022293,-16.365376,-2.2680147,0.22575624,57.014370013892766
2490,0.0,249000,0.99616194,0.3244629,0.013267994,1531,153100,3678,3674.667259454727,-15.877708,-2.301738,0.20739548,71.13403682422647
2497,0.0,249700,0.9961469,0.32159424,0.013392455,1536,153600,3688,3684.720728158951,-16.056934,-2.335928,0.2067278,60.65155112121636
2504,0.0,250400,0.9961164,0.3258667,0.013188167,1540,154000,3699,3695.6784567832947,-16.25245,-2.282413,0.22094753,60.92553177968025
2510,0.0,251000,0.996156,0.33129883,0.01328796,1543,154300,3709,3705.7629704475403,-15.894566,-2.3037267,0.20507388,61.23278249356958
2517,0.0,251700,0.99613404,0.3201294,0.013340406,1547,154700,3719,3715.9490320682526,-15.94557,-2.321425,0.22169556,60.6275240157403
2523,0.0,252300,0.99612856,0.31933594,0.013612814,1552,155200,3729,3725.9955973625183,-15.473112,-2.3936327,0.21120688,57.50434460346737
2530,0.0,253000,0.9961331,0.33483887,0.013334838,1556,155600,3740,3736.980426311493,-15.771518,-2.3207052,0.2097879,61.95156645908863
2537,0.0,253700,0.99614096,0.31500244,0.0135165,1560,156000,3750,3747.0007739067078,-15.539013,-2.3678927,0.2126261,59.83351272843341
2543,0.0,254300,0.9961455,0.31732178,0.013557323,1564,156400,3760,3757.0851242542267,-15.711773,-2.3778973,0.21472162,53.568340901888696
2550,0.0,255000,0.99613595,0.3222046,0.013282599,1568,156800,3771,3767.92959690094,-16.013214,-2.3067765,0.20849851,60.822039503273736
2557,0.0,255700,0.99613285,0.30334473,0.013716204,1572,157200,3782,3778.9463319778442,-15.393038,-2.423852,0.20022628,60.49002981512191
2564,0.0,256400,0.99612164,0.33081055,0.013164013,1576,157600,3792,3789.0332300662994,-16.006323,-2.2768745,0.20922683,54.69418618913783
2570,0.0,257000,0.9961407,0.3302002,0.01337472,1580,158000,3803,3799.7019243240356,-15.972224,-2.3291674,0.22240366,71.07847229007413
2577,0.0,257700,0.9961436,0.31518555,0.013345243,1584,158400,3814,3810.5329949855804,-15.690949,-2.3269262,0.20609668,72.86066722218754
2583,0.0,258300,0.9961252,0.30145264,0.013912316,1588,158800,3824,3820.6683576107025,-15.314991,-2.4744668,0.21971917,64.62870512642102
2591,0.0,259100,0.99615455,0.31793213,0.013592608,1592,159200,3835,3831.6946589946747,-15.653679,-2.3894546,0.20962343,58.52515507989678
2598,0.0,259800,0.99613404,0.32354736,0.013410343,1596,159600,3845,3842.0735955238342,-15.337601,-2.3444598,0.20739236,62.051898031037105
2604,0.0,260400,0.9961202,0.328125,0.013422157,1601,160100,3855,3852.211949110031,-15.539503,-2.3390465,0.22785601,54.59488401238107
2610,0.0,261000,0.99614,0.33648682,0.013101183,1605,160500,3866,3862.981577396393,-16.146206,-2.2572734,0.22648166,74.5858533992514
2617,0.0,261700,0.99616027,0.33221436,0.013367727,1609,160900,3876,3873.1359899044037,-15.854187,-2.3314323,0.21123928,59.25799452311231
2624,0.0,262400,0.9961436,0.32788086,0.013365392,1613,161300,3886,3883.327915430069,-15.663003,-2.327137,0.2188544,58.23604873305596
2630,0.0,263000,0.99613905,0.328125,0.013368197,1618,161800,3897,3894.074379682541,-15.729793,-2.3283792,0.21290693,71.092477666695
2637,0.0,263700,0.9961426,0.321167,0.013435902,1622,162200,3907,3904.5468695163727,-15.445218,-2.3418856,0.22255051,58.89351335460007
2644,0.0,264400,0.9961314,0.322937,0.013265228,1627,162700,3917,3915.0504772663116,-15.675556,-2.302145,0.22061442,54.14830480097277
2650,0.0,265000,0.9961486,0.32354736,0.013443955,1631,163100,3927,3925.2756938934326,-15.371429,-2.3456116,0.20527533,55.13014479198821
2656,0.0,265600,0.99614334,0.32019043,0.013418857,1636,163600,3938,3936.136846780777,-15.3830185,-2.3457584,0.21063647,71.13539406161514
2664,0.0,266400,0.99613094,0.30407715,0.01361754,1640,164000,3948,3946.980124235153,-15.4148855,-2.393601,0.20420784,51.52278392041204
2670,0.0,267000,0.99615383,0.31555176,0.01348366,1647,164700,3958,3957.8571944236755,-15.92152,-2.3606176,0.20843539,52.320439464827146
2676,0.0,267600,0.9961393,0.31524658,0.013688481,1651,165100,3968,3968.1095130443573,-15.543245,-2.411773,0.22153327,70.58382944529332
2683,0.0,268300,0.99614644,0.31384277,0.013497643,1656,165600,3978,3978.4264726638794,-15.592751,-2.3680832,0.21471572,58.921112548824645
2689,0.0,268900,0.9961431,0.3250122,0.013503704,1660,166000,3989,3989.1367127895355,-15.628034,-2.3667278,0.21043599,63.241697443054655
2696,0.0,269600,0.99613285,0.3201294,0.013383178,1664,166400,3999,3999.4121577739716,-16.18401,-2.3325796,0.20528239,61.409157677841705
2703,0.0,270300,0.9961407,0.3297119,0.013355723,1668,166800,4009,4009.4164135456085,-15.830353,-2.3268833,0.22348869,61.11684616799722
2709,0.0,270900,0.99614096,0.3192749,0.013493364,1672,167200,4020,4020.3716430664062,-15.650925,-2.3618875,0.20151204,65.51188087979328
2716,0.0,271600,0.99614763,0.33111572,0.013395175,1678,167800,4030,4030.6577479839325,-15.436526,-2.3335652,0.21075791,59.0103694167934
2723,0.0,272300,0.9961493,0.3413086,0.013265162,1683,168300,4041,4041.745790243149,-15.612327,-2.3004339,0.21643192,58.18001997018993
2729,0.0,272900,0.9961462,0.32208252,0.013533153,1687,168700,4051,4051.8150441646576,-15.520002,-2.3701456,0.22690207,71.98478972437543
2735,0.0,273500,0.9961543,0.33270264,0.013401022,1691,169100,4061,4061.8818089962006,-15.279099,-2.3345344,0.21633367,73.41890702876772
2742,0.0,274200,0.99612737,0.32611084,0.013318434,1695,169500,4071,4071.957738161087,-15.92318,-2.3181944,0.21971208,60.25376323039621
2749,0.0,274900,0.9961338,0.32476807,0.013424298,1699,169900,4081,4082.500118970871,-15.601928,-2.3411536,0.21967977,59.376526188800376
2755,0.0,275500,0.99614644,0.32580566,0.013498481,1705,170500,4092,4093.27902507782,-15.734343,-2.3615384,0.21818805,57.50254614376822
2762,0.0,276200,0.99614763,0.34039307,0.013304846,1709,170900,4102,4103.44705414772,-15.840567,-2.3134415,0.20721893,61.00570114336492
2769,0.0,276900,0.9961636,0.315979,0.0135942735,1713,171300,4113,4114.3502106666565,-15.175962,-2.3889637,0.22221118,69.18389661105539
2777,0.0,277700,0.9961338,0.33496094,0.013322214,1719,171900,4124,4125.453812837601,-16.038677,-2.3134723,0.23738295,54.605456691732904
2784,0.0,278400,0.9961505,0.3223877,0.013336774,1725,172500,4135,4136.168708324432,-15.6690235,-2.3221135,0.21058033,51.841822984331124
2789,0.0,278900,0.9961648,0.32287598,0.013434679,1729,172900,4145,4146.255789041519,-15.486047,-2.3454342,0.19635704,71.23015152982634
2797,0.0,279700,0.9961674,0.32104492,0.0134877805,1734,173400,4156,4157.2343583106995,-15.514515,-2.3596017,0.19926059,62.448068052889596
2804,0.0,280400,0.996145,0.32836914,0.013381717,1740,174000,4167,4168.194428443909,-15.950943,-2.3325248,0.21962851,58.620088923052734
2810,0.0,281000,0.99614453,0.32635498,0.013460137,1745,174500,4178,4179.109220027924,-15.6993065,-2.3562522,0.19245082,62.872028055395965
2817,0.0,281700,0.9961581,0.31103516,0.013446277,1749,174900,4189,4189.9016098976135,-15.151013,-2.3497837,0.2045784,73.45756237937132
2825,0.0,282500,0.9961281,0.31103516,0.013703553,1753,175300,4199,4200.21571969986,-15.304232,-2.4180474,0.21862175,57.269297193300375
2832,0.0,283200,0.99615264,0.31933594,0.013665359,1760,176000,4210,4211.1585121154785,-15.329659,-2.4114802,0.20866206,48.78437826670408
2837,0.0,283700,0.996151,0.31695557,0.013581444,1765,176500,4221,4222.073004722595,-15.347284,-2.3838391,0.21652806,68.47724478248847
2845,0.0,284500,0.9961295,0.31921387,0.013474266,1771,177100,4231,4232.424948215485,-15.520224,-2.3583975,0.23275486,62.411029762223066
2852,0.0,285200,0.99613833,0.31756592,0.013561439,1776,177600,4242,4243.297656774521,-15.603718,-2.3771377,0.21921149,54.4127615531778
2857,0.0,285700,0.9961519,0.32019043,0.013426464,1780,178000,4253,4254.014827489853,-15.079567,-2.3476303,0.18993661,75.07787349594888
2865,0.0,286500,0.99616385,0.32635498,0.013510967,1783,178300,4263,4264.357924938202,-15.385689,-2.3629777,0.23930086,64.5220306179572
2872,0.0,287200,0.9961314,0.31744385,0.01349329,1790,179000,4273,4274.601222038269,-15.559924,-2.3588135,0.22323811,53.25820289210984
2877,0.0,287700,0.9961605,0.32574463,0.013367522,1794,179400,4284,4285.295493602753,-15.214806,-2.3301415,0.20152323,72.9347257932302
2885,0.0,288500,0.9961374,0.32861328,0.013392228,1799,179900,4294,4295.579840898514,-15.560672,-2.334523,0.2206929,65.18551644806257
2892,0.0,289200,0.99614024,0.33276367,0.013387938,1803,180300,4304,4305.622883081436,-15.065033,-2.3293157,0.21738432,52.91829422154933
2897,0.0,289700,0.99616957,0.33294678,0.013189612,1809,180900,4315,4316.109889507294,-15.781812,-2.2814283,0.21772885,73.58018619029697
2905,0.0,290500,0.99614644,0.3361206,0.01330702,1813,181300,4325,4326.251932144165,-15.550865,-2.3102665,0.20904756,71.56670007249038
2912,0.0,291200,0.9961343,0.33843994,0.013274859,1818,181800,4336,4337.220014572144,-15.727783,-2.3058925,0.2008769,54.93623122560787
2919,0.0,291900,0.99613595,0.33544922,0.013400838,1823,182300,4347,4348.0268766880035,-15.212187,-2.3400755,0.22192506,56.86603927390558
2925,0.0,292500,0.9961388,0.31933594,0.013460059,1827,182700,4357,4358.122397184372,-15.639728,-2.348589,0.22958845,70.16770218319768
2933,0.0,293300,0.99613786,0.3222046,0.013368102,1832,183200,4368,4369.135148525238,-15.593441,-2.3262725,0.2292279,53.790961546746765
2940,0.0,294000,0.9961364,0.32025146,0.013386755,1836,183600,4379,4379.791240692139,-15.8802185,-2.3371534,0.21441272,54.30771982212727
2945,0.0,294500,0.99614763,0.32226562,0.013454128,1841,184100,4389,4389.973920583725,-15.437501,-2.348964,0.22477716,70.90156602034321
2953,0.0,295300,0.99614525,0.3147583,0.0135961715,1845,184500,4400,4400.76753950119,-15.7065325,-2.3833165,0.2339295,73.2596328878113
2961,0.0,296100,0.99614215,0.3277588,0.013407244,1851,185100,4411,4411.766448020935,-15.423629,-2.3372364,0.23316164,49.43204957725896
2966,0.0,296600,0.99616003,0.32696533,0.013517577,1857,185700,4422,4422.494791269302,-15.507014,-2.365134,0.21288699,61.83481780257396
2973,0.0,297300,0.99612904,0.3213501,0.013520248,1862,186200,4432,4432.909546852112,-15.331232,-2.368705,0.21688783,71.55946942089804
2981,0.0,298100,0.9961424,0.32946777,0.013449023,1867,186700,4443,4443.826535224915,-15.60797,-2.3441253,0.22667581,56.76572344533426
2986,0.0,298600,0.996155,0.31622314,0.013454545,1871,187100,4454,4454.601283311844,-15.669705,-2.3475883,0.2281897,69.96738136569549
2993,0.0,299300,0.9961593,0.3297119,0.013308761,1875,187500,4465,4465.406747341156,-16.004974,-2.3106804,0.22330648,73.98788787519638
3001,0.0,300100,0.9961364,0.3203125,0.013596976,1880,188000,4475,4475.500506162643,-15.201833,-2.387639,0.217538,62.305296945099435
3007,0.0,300700,0.99614644,0.3289795,0.013405995,1885,188500,4485,4485.807996749878,-15.381227,-2.338193,0.21675275,54.40531755922637
3013,0.0,301300,0.9961405,0.32525635,0.013368007,1888,188800,4495,4495.8364424705505,-15.635107,-2.326438,0.2157973,68.41354450039478
3020,0.0,302000,0.9961662,0.309021,0.013595598,1893,189300,4505,4505.871305704117,-15.125261,-2.3862405,0.20660627,58.95154686742683
3026,0.0,302600,0.9961524,0.3190918,0.013553982,1898,189800,4515,4516.250370502472,-15.297194,-2.3775182,0.20475447,61.52142652185831
3033,0.0,303300,0.99618626,0.32843018,0.013352865,1902,190200,4525,4526.424187660217,-15.358818,-2.322269,0.2211015,59.966976946591764
3039,0.0,303900,0.99615407,0.32037354,0.01346346,1905,190500,4536,4537.227072238922,-15.392621,-2.3515205,0.22426526,70.5784289907566
3046,0.0,304600,0.9961524,0.31134033,0.013614949,1910,191000,4546,4547.4781494140625,-15.407047,-2.389643,0.21322837,57.55737577321787
3053,0.0,305300,0.99612784,0.32843018,0.0132645685,1914,191400,4556,4557.763344526291,-15.444835,-2.3024387,0.21247372,59.6076575508308
3059,0.0,305900,0.9961674,0.31970215,0.0135472715,1920,192000,4566,4567.950663328171,-15.287468,-2.3713064,0.23025423,49.480277967226414
3065,0.0,306500,0.99613476,0.3189087,0.01346362,1923,192300,4576,4577.95597910881,-15.359127,-2.358001,0.19752693,76.04959682605697
3073,0.0,307300,0.9961474,0.32434082,0.013594871,1928,192800,4587,4588.862863540649,-14.812762,-2.3900487,0.20638222,52.346630104267966
3079,0.0,307900,0.9961362,0.32196045,0.013539532,1931,193100,4598,4599.690765142441,-15.508631,-2.3752444,0.2124593,71.7946302891064
3086,0.0,308600,0.9961724,0.32855225,0.013410265,1936,193600,4609,4610.576070070267,-15.455732,-2.3372853,0.2286983,61.85534995387961
3094,0.0,309400,0.99615073,0.3234253,0.013602128,1939,193900,4619,4620.713036298752,-15.073929,-2.3812585,0.24488482,74.88119508438085
3099,0.0,309900,0.9961479,0.32928467,0.013420245,1943,194300,4629,4630.9741060733795,-15.40936,-2.338735,0.23048773,71.64910667980949
3105,0.0,310500,0.9961674,0.33947754,0.013357909,1948,194800,4639,4640.991095304489,-15.051519,-2.3190742,0.22228783,63.11943186846933
3112,0.0,311200,0.9961536,0.34051514,0.013290014,1953,195300,4649,4651.380687713623,-15.433678,-2.3033476,0.22582102,57.63307821969945
3119,0.0,311900,0.99613523,0.32910156,0.013385044,1958,195800,4660,4662.4501321315765,-15.697945,-2.3310943,0.21998313,58.3632733906018
3125,0.0,312500,0.9961314,0.32043457,0.013368841,1961,196100,4670,4672.6162545681,-15.677342,-2.324981,0.23433973,73.23277142880526
3132,0.0,313200,0.9961364,0.31854248,0.013505537,1965,196500,4680,4682.75776219368,-15.431894,-2.3639724,0.21858099,60.979813440956214
3139,0.0,313900,0.9961426,0.32165527,0.013315232,1971,197100,4691,4693.816168785095,-15.740118,-2.3125186,0.22570527,58.57281358500315
3145,0.0,314500,0.99613976,0.34796143,0.013144292,1975,197500,4702,4704.653843402863,-15.877719,-2.260889,0.22743842,73.81215143900936
3153,0.0,315300,0.9961481,0.335083,0.013271865,1979,197900,4712,4714.767345666885,-15.210365,-2.2982855,0.22489232,71.05612030298097
3159,0.0,315900,0.9961531,0.3297119,0.013342295,1984,198400,4723,4725.614057779312,-15.193019,-2.3154988,0.21484652,55.13116382657501
3166,0.0,316600,0.996161,0.3397827,0.013215147,1988,198800,4734,4736.3086948394775,-15.74298,-2.286482,0.21302041,63.56378460500942
3173,0.0,317300,0.99616027,0.32055664,0.013533531,1993,199300,4744,4746.688373804092,-15.369534,-2.3691535,0.23228928,58.92019431438156
3180,0.0,318000,0.996135,0.3295288,0.013168266,1997,199700,4755,4757.491176605225,-15.688542,-2.2737916,0.22542381,54.863765348175384
3186,0.0,318600,0.99615836,0.33325195,0.013244579,2001,200100,4766,4768.272135019302,-15.785366,-2.292169,0.22233775,68.03485235801881
3194,0.0,319400,0.99615836,0.3297119,0.013402227,2006,200600,4776,4778.54913520813,-15.024313,-2.331387,0.2304265,60.014316576630996
3201,0.0,320100,0.9961555,0.3302002,0.013296648,2012,201200,4787,4789.225226640701,-15.485445,-2.3101363,0.21513513,50.6935364835721
3206,0.0,320600,0.9961562,0.31500244,0.013530005,2017,201700,4798,4799.980978727341,-14.999544,-2.3678114,0.22856465,74.2617358296809
3214,0.0,321400,0.99614096,0.33093262,0.013395486,2022,202200,4808,4810.246164321899,-15.176209,-2.3326287,0.21677688,69.30525137391648
3221,0.0,322100,0.99615145,0.33642578,0.013259908,2027,202700,4818,4820.68249297142,-15.400282,-2.2992203,0.21366218,49.41661596487097
3226,0.0,322600,0.99613,0.31414795,0.013619948,2032,203200,4829,4831.365058660507,-15.039892,-2.3949933,0.21351331,72.79277895557786
3234,0.0,323400,0.99614,0.3267212,0.013515454,2036,203600,4839,4841.715329170227,-15.175333,-2.368,0.21786472,64.24956558286573
3240,0.0,324000,0.99612737,0.32318115,0.013461906,2040,204000,4849,4851.75020813942,-15.232798,-2.3536425,0.20952444,60.256955234816196
3246,0.0,324600,0.99616146,0.33050537,0.013178424,2045,204500,4860,4862.611297369003,-15.564596,-2.2733867,0.21503107,72.04058215271982
3254,0.0,325400,0.9961288,0.32019043,0.013598066,2050,205000,4870,4873.187913417816,-15.1985855,-2.3863707,0.22497354,60.916655509165565
3260,0.0,326000,0.9961612,0.3366089,0.013391463,2055,205500,4881,4884.034935235977,-15.306707,-2.327855,0.25023752,71.31030683024784
3267,0.0,326700,0.9961653,0.33081055,0.013330156,2060,206000,4892,4895.010880947113,-15.249161,-2.3122354,0.22411202,62.80267311268268
3274,0.0,327400,0.99614763,0.31939697,0.013453562,2064,206400,4902,4905.046724557877,-15.376706,-2.3512025,0.21885455,71.8460128989918
3282,0.0,328200,0.9961364,0.3260498,0.013447818,2068,206800,4913,4916.061435461044,-15.541222,-2.348682,0.21341899,54.36152198637172
3287,0.0,328700,0.996151,0.3293457,0.01332104,2074,207400,4924,4926.818647861481,-15.767744,-2.3124352,0.2221952,57.65450526339302
3294,0.0,329400,0.9961481,0.3204956,0.013478306,2078,207800,4934,4936.986868619919,-15.001853,-2.3560221,0.1972422,72.5149632853692
3302,0.0,330200,0.99616075,0.3428955,0.013208658,2083,208300,4944,4947.233285903931,-15.472118,-2.2841816,0.2268002,51.95661382850505
3307,0.0,330700,0.9961779,0.34094238,0.013229605,2088,208800,4955,4958.267954349518,-14.846267,-2.286509,0.22793403,53.496579182216294
3314,0.0,331400,0.9961653,0.32995605,0.013459276,2093,209300,4965,4968.385049819946,-14.908297,-2.3493898,0.22248822,70.27659928177587
3322,0.0,332200,0.9961822,0.33392334,0.0133700585,2099,209900,4975,4978.561257839203,-15.450831,-2.321304,0.2324451,50.1763615690117
3326,0.0,332600,0.9961653,0.3330078,0.013345363,2104,210400,4986,4989.16622376442,-15.374746,-2.3177536,0.22214389,77.31239991613116
3334,0.0,333400,0.9961443,0.33825684,0.013056169,2109,210900,4996,4999.500506639481,-15.4670105,-2.2424083,0.23223066,71.94533519980553
3341,0.0,334100,0.996145,0.32440186,0.013316449,2114,211400,5006,5009.559639215469,-15.520686,-2.3115287,0.23157343,55.42686282651639
3346,0.0,334600,0.9961555,0.32092285,0.013486842,2118,211800,5016,5019.610506057739,-15.105372,-2.357263,0.22393581,71.57778736525609
3354,0.0,335400,0.99615,0.33789062,0.0133148935,2124,212400,5026,5029.805247068405,-15.324732,-2.3077087,0.2379904,55.074585225588244
3361,0.0,336100,0.9961498,0.33398438,0.013217688,2128,212800,5037,5040.564487457275,-15.333962,-2.2888227,0.21053618,47.347247422834975
3366,0.0,336600,0.9961529,0.32336426,0.013410555,2134,213400,5048,5051.382093667984,-15.371385,-2.3414054,0.18452168,74.4215640991661
3374,0.0,337400,0.9961467,0.3388672,0.013314056,2138,213800,5058,5061.477752685547,-15.250769,-2.3134694,0.1996498,73.87329376331965
3380,0.0,338000,0.99616504,0.33154297,0.013344478,2143,214300,5068,5071.582929134369,-15.338836,-2.3191233,0.22931948,56.12218804136437
3387,0.0,338700,0.9961462,0.31506348,0.01365789,2148,214800,5079,5082.569309473038,-14.961584,-2.404047,0.20701993,61.65146123831872
3394,0.0,339400,0.9961524,0.33746338,0.013339431,2153,215300,5090,5093.410777330399,-14.766614,-2.3171432,0.22172242,69.79809744701154
3401,0.0,340100,0.99616194,0.3348999,0.01318051,2157,215700,5100,5103.409844636917,-15.465326,-2.2729406,0.22558999,53.02161688645806
3408,0.0,340800,0.9961412,0.33312988,0.013437163,2161,216100,5111,5114.563988685608,-15.414835,-2.3405242,0.2550949,50.28610136368984
3414,0.0,341400,0.9961662,0.32208252,0.01351917,2166,216600,5122,5125.556865930557,-15.072131,-2.363014,0.23499721,64.46109239915837
3422,0.0,342200,0.99615073,0.3505249,0.013139295,2171,217100,5132,5135.704538106918,-15.3778515,-2.2620766,0.23075452,52.54442853051823
3427,0.0,342700,0.99615407,0.3279419,0.013578437,2175,217500,5142,5145.73388838768,-14.994051,-2.3750746,0.2361424,60.2549669550547
3434,0.0,343400,0.99613976,0.32788086,0.01352714,2179,217900,5152,5156.06111073494,-15.091478,-2.3604298,0.23623808,72.36028505755306
3441,0.0,344100,0.99615693,0.33361816,0.013518045,2184,218400,5163,5167.153979539871,-15.050184,-2.3622603,0.23472801,57.88580320391398
3447,0.0,344700,0.9961777,0.33215332,0.013368886,2188,218800,5173,5177.396408319473,-14.838881,-2.3249612,0.22553249,60.85518718546343
3454,0.0,345400,0.996176,0.32904053,0.013352863,2192,219200,5184,5188.237873077393,-15.227804,-2.3231263,0.21863373,71.12297350144824
3461,0.0,346100,0.99614716,0.33026123,0.013260895,2197,219700,5194,5198.420692682266,-15.349792,-2.298386,0.20336083,54.19901170535946
3467,0.0,346700,0.9961548,0.33972168,0.013206122,2202,220200,5205,5209.338431119919,-15.547337,-2.2796078,0.2353324,66.70581081460546
3474,0.0,347400,0.9961586,0.3375244,0.013411708,2206,220600,5215,5219.39343380928,-14.838702,-2.3333204,0.24404395,70.55125368314845
3481,0.0,348100,0.9961486,0.34014893,0.013202468,2211,221100,5225,5229.798020839691,-15.337314,-2.280855,0.22350249,45.89132918884284
3487,0.0,348700,0.99616504,0.3305664,0.013370874,2215,221500,5236,5240.555025339127,-15.268931,-2.3187695,0.24782315,72.64289017732104
3494,0.0,349400,0.9961436,0.32141113,0.013497544,2219,221900,5246,5250.62201499939,-15.022942,-2.3577375,0.22054842,61.259402726687476
3501,0.0,350100,0.9961426,0.32733154,0.013401606,2223,222300,5256,5260.667354822159,-15.091835,-2.3354313,0.21921119,52.64680094273181
3507,0.0,350700,0.9961524,0.33276367,0.013298714,2227,222700,5266,5270.823676586151,-14.972315,-2.306371,0.22693935,58.849743826964264
3514,0.0,351400,0.99616027,0.32055664,0.013638761,2232,223200,5277,5281.832686185837,-15.015133,-2.3943849,0.22537515,60.528752997288294
3521,0.0,352100,0.99617815,0.32403564,0.013504168,2237,223700,5287,5292.0075125694275,-15.235758,-2.3559237,0.23490238,55.52706949089189
3527,0.0,352700,0.9961729,0.3302002,0.013511306,2241,224100,5298,5302.817529439926,-15.124602,-2.3538966,0.23938751,61.16309272116344
3534,0.0,353400,0.9961548,0.3447876,0.013135417,2244,224400,5308,5312.911689758301,-15.394543,-2.2599568,0.22375494,61.6747623629618
3541,0.0,354100,0.9961586,0.33294678,0.013302074,2248,224800,5318,5322.9329307079315,-15.242328,-2.305822,0.23571189,56.50909909995253
3546,0.0,354600,0.9961755,0.33337402,0.013311872,2252,225200,5328,5332.960695028305,-15.296567,-2.3026395,0.23913355,71.38754808183273
3553,0.0,355300,0.9961624,0.34222412,0.013187308,2257,225700,5339,5343.833419561386,-15.347942,-2.2680244,0.23972633,73.04151497044441
3561,0.0,356100,0.9961672,0.3357544,0.013326006,2261,226100,5349,5353.995463609695,-15.147886,-2.315704,0.21721753,59.22925556408966
3567,0.0,356700,0.9961674,0.3272705,0.013479797,2265,226500,5359,5364.062960147858,-15.013523,-2.3515816,0.22400254,71.75885579524588
3573,0.0,357300,0.99616075,0.34051514,0.013268698,2270,227000,5369,5374.101957559586,-15.2091675,-2.2922769,0.2369741,55.61159725699502
3579,0.0,357900,0.9961629,0.3237915,0.013235556,2274,227400,5380,5384.933169364929,-15.315528,-2.2854958,0.2344415,73.2899756433117
3586,0.0,358600,0.99615407,0.32580566,0.013657808,2278,227800,5390,5395.115993738174,-14.618864,-2.4037297,0.22117582,71.57815000254651
3594,0.0,359400,0.9961586,0.31689453,0.01341599,2283,228300,5401,5406.156876564026,-14.926411,-2.3367534,0.22012623,55.45866272199129
3600,0.0,360000,0.9961777,0.33477783,0.013409779,2287,228700,5411,5416.663482427597,-15.167393,-2.3304608,0.2433857,59.84417066801261
3606,0.0,360600,0.99616957,0.3397827,0.013169955,2291,229100,5422,5427.35427069664,-15.516298,-2.2699585,0.2223871,73.7100808561981
3613,0.0,361300,0.99616146,0.3314209,0.013257449,2295,229500,5432,5437.418134212494,-15.284527,-2.2932758,0.229887,60.815659549787945
3620,0.0,362000,0.99615335,0.32806396,0.013546519,2299,229900,5442,5447.586942195892,-14.677947,-2.3701446,0.2195526,55.12388421734834
3626,0.0,362600,0.99616575,0.34161377,0.01313826,2303,230300,5453,5458.498060941696,-15.157179,-2.2632616,0.23702201,66.23304785001726
3632,0.0,363200,0.9961531,0.31304932,0.013682585,2308,230800,5463,5468.680921077728,-14.674429,-2.4100873,0.20058024,71.19975258436348
3639,0.0,363900,0.9961562,0.33117676,0.013437006,2312,231200,5473,5478.915285825729,-14.933304,-2.3435225,0.21443579,62.45043616472826
3646,0.0,364600,0.99617815,0.32635498,0.013450051,2315,231500,5484,5489.787171602249,-15.136198,-2.3478856,0.22075742,73.54702332809475
3653,0.0,365300,0.9961667,0.3394165,0.013335496,2319,231900,5494,5499.814917564392,-15.18762,-2.31204,0.24514942,59.31445523753252
3660,0.0,366000,0.9961586,0.33563232,0.0134673,2323,232300,5505,5510.688533306122,-15.084639,-2.3458757,0.24739352,59.18180192721115
3666,0.0,366600,0.9961746,0.33654785,0.0133947935,2327,232700,5515,5520.82944893837,-15.026412,-2.329045,0.22248802,63.65561077126941
3673,0.0,367300,0.9961655,0.3300171,0.013401248,2332,233200,5526,5531.862434387207,-15.180779,-2.3306265,0.2391102,61.592585819560774
3680,0.0,368000,0.9961474,0.3378296,0.013305836,2336,233600,5536,5541.8813672065735,-14.784736,-2.3057642,0.23935804,62.10192717266729
3687,0.0,368700,0.996161,0.32537842,0.013582652,2340,234000,5547,5552.851755619049,-15.030762,-2.3788953,0.22411628,60.399233904065206
3694,0.0,369400,0.9961848,0.34729004,0.013103129,2344,234400,5558,5563.674275398254,-15.228312,-2.2499533,0.21199934,56.22412618010038
3700,0.0,370000,0.99614906,0.32336426,0.0134327775,2347,234700,5568,5573.718281984329,-15.017925,-2.3367035,0.24753547,65.01673911458607
3707,0.0,370700,0.99616385,0.3425293,0.013369599,2352,235200,5579,5584.651463270187,-14.876715,-2.3226683,0.22159928,67.86573662774089
3714,0.0,371400,0.99616313,0.34197998,0.0132956235,2356,235600,5589,5594.88921380043,-15.224317,-2.3055532,0.21942163,54.657813976217625
3720,0.0,372000,0.9961755,0.34527588,0.013314871,2360,236000,5600,5605.688954114914,-15.061012,-2.311974,0.21683912,73.21419578664863
3728,0.0,372800,0.99614835,0.3408203,0.013240321,2364,236400,5611,5616.665899276733,-15.111809,-2.2870073,0.22317258,60.21545852366891
3735,0.0,373500,0.9961574,0.33673096,0.013320832,2369,236900,5622,5627.677362203598,-14.950514,-2.3103676,0.23121978,61.25005156737437
3741,0.0,374100,0.99616456,0.33288574,0.013410527,2372,237200,5633,5638.469963312149,-15.106886,-2.3315878,0.2330354,70.22416600851108
3748,0.0,374800,0.99615,0.33410645,0.013216384,2377,237700,5643,5648.677814006805,-15.220753,-2.2844224,0.22482932,63.43040779136326
3755,0.0,375500,0.9961505,0.33428955,0.0132274935,2382,238200,5653,5658.993778467178,-14.886729,-2.281919,0.23328894,51.23656906918657
3761,0.0,376100,0.996191,0.34191895,0.013126373,2387,238700,5664,5669.955293893814,-14.949546,-2.2545686,0.23706573,60.06984905304022
3768,0.0,376800,0.996155,0.33532715,0.01314003,2391,239100,5674,5680.039593219757,-14.671253,-2.2582142,0.24818103,71.9215483489299
3775,0.0,377500,0.9961474,0.3345337,0.013513064,2396,239600,5684,5690.05592918396,-14.864344,-2.3582702,0.23725131,53.08515858678445
3781,0.0,378100,0.9961436,0.33673096,0.013290715,2400,240000,5695,5700.827771186829,-15.395712,-2.3019257,0.23374686,61.66311668180475
3788,0.0,378800,0.99615765,0.33807373,0.013192832,2404,240400,5705,5710.959340333939,-15.296419,-2.2740445,0.25628787,73.2031946628721
3794,0.0,379400,0.9961686,0.34405518,0.013202233,2409,240900,5715,5721.490438461304,-15.526718,-2.2751064,0.24471198,61.02649095601831
3800,0.0,380000,0.99618626,0.33551025,0.013254265,2413,241300,5725,5731.520634651184,-14.9868145,-2.2885365,0.22672363,69.95633154087396
3808,0.0,380800,0.99615693,0.32196045,0.013409877,2416,241600,5735,5741.775949954987,-14.779122,-2.3378406,0.23292893,54.92248461544914
3814,0.0,381400,0.99615836,0.3470459,0.01329628,2422,242200,5746,5752.699289083481,-15.374899,-2.298717,0.24950758,58.99236936476423
3820,0.0,382000,0.9961674,0.34088135,0.013123997,2425,242500,5757,5763.548213005066,-15.011932,-2.2593026,0.22932035,71.01809028900334
3828,0.0,382800,0.9961593,0.3312378,0.013196899,2430,243000,5767,5773.741568565369,-15.516418,-2.2777817,0.22510463,61.35964897041868
3834,0.0,383400,0.9961581,0.33007812,0.013321838,2436,243600,5777,5783.946785926819,-15.41983,-2.3078132,0.21734041,49.87499565695217
3840,0.0,384000,0.9961753,0.3470459,0.013216016,2440,244000,5788,5794.619762659073,-14.733664,-2.2820597,0.23135382,71.45865981066488
3848,0.0,384800,0.99618125,0.35369873,0.013112767,2444,244400,5798,5804.8937067985535,-15.605766,-2.2561505,0.24133426,61.4060671886713
3855,0.0,385500,0.9961486,0.333313,0.013454207,2449,244900,5809,5815.78182220459,-14.826025,-2.343469,0.22244239,61.65279225684413
3860,0.0,386000,0.9961767,0.32678223,0.01347714,2452,245200,5820,5826.19934463501,-14.64995,-2.3486056,0.22556284,75.55464561698798
3868,0.0,386800,0.99614406,0.32983398,0.013536669,2457,245700,5830,5836.465513467789,-14.911237,-2.3688495,0.23545597,73.76045252820127
3876,0.0,387600,0.996156,0.33551025,0.013283226,2462,246200,5841,5847.557517528534,-15.1914425,-2.3034024,0.2318531,50.83466655708231
3881,0.0,388100,0.9961679,0.32940674,0.013448588,2466,246600,5852,5858.201489210129,-14.79377,-2.339369,0.23105675,69.89096106905507
3888,0.0,388800,0.99617624,0.335083,0.013342639,2470,247000,5862,5868.488359212875,-14.589464,-2.3173003,0.21215636,69.0151664192493
3896,0.0,389600,0.99616194,0.34436035,0.013188172,2475,247500,5873,5879.469369649887,-15.320944,-2.2700372,0.23800136,58.83350498144819
3902,0.0,390200,0.9961715,0.32867432,0.013417906,2479,247900,5884,5890.230407714844,-14.980345,-2.331467,0.23887,62.483855852676754
3909,0.0,390900,0.99618435,0.33538818,0.013344444,2483,248300,5894,5900.311878681183,-15.270986,-2.3136022,0.2319591,61.40335624294035
3916,0.0,391600,0.9961641,0.33642578,0.013248762,2488,248800,5904,5910.386237382889,-15.461969,-2.2886076,0.23990677,60.454895884475235
3921,0.0,392100,0.9961579,0.3303833,0.013435505,2492,249200,5914,5920.483746290207,-15.201052,-2.3373008,0.23201327,61.40138990359608
3928,0.0,392800,0.996181,0.33258057,0.01322749,2496,249600,5924,5930.4908401966095,-15.111546,-2.2807102,0.24068765,74.4045459496871
3935,0.0,393500,0.99616146,0.33148193,0.013434174,2500,250000,5935,5941.439682006836,-15.069453,-2.33758,0.23969153,61.586509472034265
3941,0.0,394100,0.9961643,0.32873535,0.013306881,2504,250400,5945,5951.5295078754425,-14.818115,-2.3082643,0.20899314,72.4359680730179
3948,0.0,394800,0.9961693,0.33624268,0.013288069,2508,250800,5956,5962.320876121521,-14.73984,-2.3012972,0.22975302,73.65925241343506
3955,0.0,395500,0.99614334,0.33599854,0.013438832,2513,251300,5966,5972.342866659164,-15.313774,-2.3480706,0.2269066,60.87940892178301
3961,0.0,396100,0.9961736,0.33764648,0.013197238,2517,251700,5976,5982.443205833435,-15.452051,-2.2754602,0.23110488,61.737713770797505
3968,0.0,396800,0.99616027,0.3355713,0.013334015,2520,252000,5986,5992.519645214081,-14.802206,-2.312703,0.23193596,70.47738339752212
3974,0.0,397400,0.99615026,0.33514404,0.013246483,2526,252600,5997,6003.391053915024,-15.366734,-2.2884593,0.22335678,54.63153940054079
3982,0.0,398200,0.996187,0.34558105,0.013201058,2530,253000,6008,6014.369243860245,-15.1202135,-2.2761853,0.22975145,55.01115468204207
3988,0.0,398800,0.9961593,0.3267212,0.013444714,2535,253500,6018,6024.492001771927,-15.014388,-2.3478212,0.21552774,62.663572808535314
3995,0.0,399500,0.9961555,0.34277344,0.013272732,2540,254000,6028,6034.667202472687,-15.189541,-2.298677,0.23320997,60.9668916738266
4002,0.0,400200,0.99616265,0.33099365,0.013401786,2544,254400,6039,6046.004890680313,-15.063548,-2.332808,0.23304394,44.28756851787569
4008,0.0,400800,0.99616885,0.32543945,0.013547857,2549,254900,6050,6056.981779098511,-15.014282,-2.3687735,0.23262724,62.51255057805992
4015,0.0,401500,0.99617076,0.33911133,0.013226498,2553,255300,6061,6067.773179292679,-15.26038,-2.2800083,0.24368796,73.52573019566381
4023,0.0,402300,0.99614453,0.3397827,0.013297567,2559,255900,6071,6078.15429520607,-14.9704,-2.3066082,0.22795147,49.22683476400556
4028,0.0,402800,0.99618363,0.33428955,0.013206812,2563,256300,6082,6088.707225322723,-14.9867935,-2.2802026,0.23455189,70.94194602094414
4036,0.0,403600,0.9961703,0.3453369,0.013212822,2567,256700,6093,6099.8730437755585,-15.175783,-2.2782593,0.24084342,52.71217944123437
4042,0.0,404200,0.9961629,0.33239746,0.013365012,2571,257100,6103,6109.923280477524,-14.935004,-2.320941,0.23139653,73.43820952622744
4049,0.0,404900,0.99616647,0.33233643,0.013449777,2576,257600,6113,6120.135034322739,-14.474309,-2.34382,0.23016058,59.7109995644609
4056,0.0,405600,0.9961803,0.35491943,0.013131005,2580,258000,6123,6130.314506292343,-15.148614,-2.2594037,0.23362772,49.62912600860556
4062,0.0,406200,0.9961684,0.33789062,0.013410244,2584,258400,6134,6141.1657383441925,-14.763537,-2.3312023,0.23559636,69.76290657709225
4069,0.0,406900,0.9961393,0.32434082,0.013515597,2588,258800,6145,6151.982615470886,-14.862715,-2.3604465,0.23467305,58.20629802632121
4076,0.0,407600,0.99614954,0.33587646,0.013484277,2592,259200,6155,6162.145613670349,-14.690052,-2.3548055,0.22537786,70.37389609633763
4083,0.0,408300,0.996171,0.33728027,0.013418252,2596,259600,6166,6173.018370389938,-14.688225,-2.3327024,0.23844558,61.70321501626621
4090,0.0,409000,0.9961877,0.34588623,0.013207119,2602,260200,6177,6183.963249206543,-15.311295,-2.2750833,0.24779546,55.813322027984896
4096,0.0,409600,0.99615264,0.33917236,0.013312716,2606,260600,6188,6194.751587867737,-14.944527,-2.3066366,0.22527449,73.42615682893418
4103,0.0,410300,0.9961598,0.34454346,0.013238831,2610,261000,6198,6204.869719028473,-15.3404045,-2.2846828,0.24765934,70.25450967049647
4110,0.0,411000,0.99617004,0.33135986,0.013235542,2614,261400,6208,6215.002587795258,-15.365879,-2.2807012,0.25376707,61.60096749394742
4117,0.0,411700,0.9961579,0.34851074,0.013288828,2619,261900,6219,6225.973518610001,-15.0973,-2.3075438,0.22215663,60.152039969381185
4123,0.0,412300,0.9961691,0.34075928,0.013173223,2623,262300,6229,6236.138950824738,-14.910307,-2.26942,0.24733563,59.04358420242852
4130,0.0,413000,0.99616265,0.33569336,0.013335578,2627,262700,6240,6246.978013277054,-14.987406,-2.310608,0.24289243,71.44795169223309
4137,0.0,413700,0.99615026,0.33807373,0.013189811,2630,263000,6250,6257.144499540329,-14.994627,-2.274285,0.22575638,59.11304184293819
4143,0.0,414300,0.99617696,0.34954834,0.012933547,2636,263600,6261,6267.99840426445,-15.466963,-2.2060423,0.24169269,61.65573769362202
4150,0.0,415000,0.9961729,0.33764648,0.0133846225,2639,263900,6271,6278.184859991074,-14.90931,-2.3224392,0.2318276,69.54158511592145
4157,0.0,415700,0.99616313,0.32318115,0.01357044,2644,264400,6281,6288.234302043915,-14.826078,-2.3739915,0.22682287,58.86582382408899
4162,0.0,416200,0.99615073,0.3380127,0.013401143,2648,264800,6291,6298.254536151886,-14.933641,-2.3308413,0.22561455,72.33772404485856
4170,0.0,417000,0.99616456,0.33599854,0.0132966135,2653,265300,6301,6308.539953947067,-14.919932,-2.2990804,0.24234396,54.597338019460445
4175,0.0,417500,0.996191,0.35247803,0.013111412,2657,265700,6311,6318.938278675079,-15.583679,-2.2519898,0.24032308,70.77866711104033
4182,0.0,418200,0.99618983,0.3534546,0.013197321,2660,266000,6321,6328.93714928627,-14.863293,-2.2714243,0.23232843,61.25109976153104
4188,0.0,418800,0.99618673,0.3461914,0.013124976,2664,266400,6331,6338.946821689606,-15.316294,-2.2543182,0.24643101,63.26639529816479
4195,0.0,419500,0.9961839,0.34625244,0.013136134,2669,266900,6341,6349.117854356766,-15.013782,-2.2616296,0.225577,53.80468672330245
4201,0.0,420100,0.9961741,0.3383789,0.013272376,2673,267300,6351,6359.29438996315,-14.914984,-2.294078,0.24746342,71.25683101885402
4208,0.0,420800,0.996151,0.32995605,0.013488406,2678,267800,6361,6369.438947916031,-15.207205,-2.3467667,0.26055598,58.529327845443675
4213,0.0,421300,0.9961426,0.3413086,0.01320117,2682,268200,6371,6379.451046466827,-15.068139,-2.278181,0.21700455,73.56556665409677
4221,0.0,422100,0.99615,0.335083,0.013131158,2686,268600,6381,6389.686434984207,-15.019054,-2.263698,0.21979624,55.78103308870361
4228,0.0,422800,0.99615836,0.33355713,0.013315428,2691,269100,6392,6400.502552270889,-15.0025215,-2.3096347,0.23870434,59.49664067911188
4233,0.0,423300,0.99616647,0.35437012,0.013153801,2695,269500,6403,6411.115446329117,-14.898178,-2.2595742,0.24307632,72.95637192724786
4241,0.0,424100,0.9961574,0.33428955,0.01327409,2699,269900,6413,6421.426425933838,-14.99888,-2.2913876,0.23432982,68.97393648606739
4248,0.0,424800,0.9961705,0.33746338,0.01338949,2705,270500,6423,6431.524473905563,-15.019122,-2.3233714,0.23693442,53.176005971407605
4253,0.0,425300,0.996156,0.34136963,0.013280621,2710,271000,6433,6441.641730308533,-15.0235195,-2.2957284,0.23226508,72.60787594024112
4261,0.0,426100,0.99616766,0.34625244,0.013145054,2715,271500,6443,6452.0164341926575,-15.095154,-2.262061,0.24702957,50.26203508141224
4267,0.0,426700,0.9961462,0.335083,0.013347661,2719,271900,6454,6462.789980649948,-15.121722,-2.3127193,0.23942414,60.438779820256656
4273,0.0,427300,0.9961581,0.3474121,0.013157619,2722,272200,6465,6473.657061100006,-14.921288,-2.2654676,0.23327783,71.57555436397229
4281,0.0,428100,0.99617696,0.34509277,0.013246551,2727,272700,6475,6483.835100650787,-15.049675,-2.2901528,0.23937751,59.251101430491126
4286,0.0,428600,0.996186,0.34240723,0.013257635,2731,273100,6485,6493.853040218353,-15.060362,-2.283299,0.25656864,68.20257758479416
4293,0.0,429300,0.9961679,0.3343506,0.013386968,2735,273500,6495,6504.050781488419,-14.848782,-2.3262057,0.23058887,65.74203772908405
4301,0.0,430100,0.99616337,0.33843994,0.013147823,2739,273900,6505,6514.082224845886,-15.183954,-2.2607403,0.23752761,54.9855980932104
4306,0.0,430600,0.99617696,0.34320068,0.013225337,2743,274300,6516,6524.922084093094,-15.061633,-2.281732,0.24008214,72.75884279931674
4314,0.0,431400,0.9961903,0.3540039,0.013187481,2748,274800,6527,6535.790009737015,-14.803069,-2.269391,0.23803544,59.96242255504467
4321,0.0,432100,0.9961791,0.34014893,0.013240619,2752,275200,6537,6545.816473245621,-14.92608,-2.2794242,0.25709116,52.12244827423505
4326,0.0,432600,0.9961674,0.34191895,0.013157895,2756,275600,6548,6556.607398748398,-14.85074,-2.263054,0.24509361,71.8198704470036
4334,0.0,433400,0.99614286,0.33874512,0.013333107,2762,276200,6558,6566.95796084404,-14.811064,-2.3112364,0.24181163,70.53566283992043
4342,0.0,434200,0.99617004,0.34509277,0.013270174,2768,276800,6569,6578.078809738159,-15.149584,-2.289359,0.25458345,53.45790646341007
4347,0.0,434700,0.9961529,0.34088135,0.013176028,2773,277300,6580,6588.617515563965,-15.050599,-2.266241,0.24683896,60.82305931753487
4354,0.0,435400,0.99616146,0.34381104,0.013318626,2777,277700,6591,6599.502137422562,-14.999733,-2.307238,0.22229904,71.1547591846169
4362,0.0,436200,0.99615,0.3322754,0.013504279,2782,278200,6601,6609.769258737564,-14.670596,-2.3569744,0.21895778,59.59546947767385
4366,0.0,436600,0.9961703,0.3529663,0.013192248,2787,278700,6611,6619.778047323227,-14.826471,-2.2723074,0.24655026,70.23989512506886
4374,0.0,437400,0.99617004,0.3355713,0.013142212,2792,279200,6621,6629.901776313782,-15.019068,-2.2614913,0.22581899,70.29025359541886
4382,0.0,438200,0.9961734,0.3399048,0.013261381,2797,279700,6632,6640.992298603058,-14.853286,-2.2896357,0.24501587,53.50232626647137
4387,0.0,438700,0.9961736,0.34680176,0.01324532,2801,280100,6643,6651.818980932236,-14.813015,-2.2888172,0.22854367,70.33721927456898
4394,0.0,439400,0.99617124,0.35339355,0.013302987,2804,280400,6653,6661.959560394287,-14.836274,-2.306391,0.22820425,67.20878666357207
4402,0.0,440200,0.996155,0.34570312,0.013228939,2810,281000,6663,6672.235001325607,-15.198768,-2.2805235,0.24812573,61.3107521520452
4408,0.0,440800,0.9961643,0.35076904,0.01303933,2814,281400,6674,6682.971499443054,-14.9757595,-2.23321,0.2273607,55.32154409156773
4414,0.0,441400,0.9961772,0.34802246,0.013250576,2819,281900,6684,6693.116192579269,-14.693703,-2.2897723,0.22375204,68.5506731711403
4421,0.0,442100,0.9961724,0.3499756,0.013278258,2824,282400,6694,6703.241562604904,-15.176582,-2.2916424,0.26243216,58.5043129244762
4427,0.0,442700,0.9961972,0.35101318,0.013119644,2830,283000,6705,6714.154185295105,-15.332976,-2.2527633,0.23128772,59.17477001161295
4434,0.0,443400,0.9961498,0.33416748,0.013399211,2835,283500,6715,6724.370429992676,-14.9267845,-2.331604,0.22555326,66.1188336444252
4442,0.0,444200,0.99616504,0.34838867,0.013314633,2839,283900,6726,6735.451245546341,-15.003456,-2.3059816,0.23507518,55.84925024378806
4448,0.0,444800,0.99616647,0.34106445,0.013281236,2844,284400,6737,6746.281349658966,-14.957006,-2.2995102,0.22361243,60.830226544535826
4454,0.0,445400,0.9961972,0.3366089,0.013183059,2848,284800,6747,6756.33761882782,-14.865073,-2.2712572,0.24273795,72.52321125160853
4462,0.0,446200,0.9961586,0.34417725,0.013375808,2853,285300,6757,6766.695095777512,-14.447485,-2.3206499,0.23928878,56.49237842958042
4468,0.0,446800,0.9961691,0.3425293,0.013231179,2857,285700,6768,6777.55250287056,-14.957202,-2.285037,0.24308328,60.84004287251275
4474,0.0,447400,0.99616957,0.3328247,0.013163311,2861,286100,6779,6788.457795619965,-15.098328,-2.2670398,0.23589477,70.60263541343377
4482,0.0,448200,0.99616885,0.34283447,0.0133913085,2866,286600,6789,6798.7842233181,-14.916995,-2.3231363,0.23965476,74.2545254976941
4489,0.0,448900,0.9961574,0.34729004,0.013434257,2872,287200,6800,6809.628193616867,-14.70649,-2.334456,0.24651898,55.19668748469389
4495,0.0,449500,0.9962144,0.34069824,0.013297253,2876,287600,6811,6820.493727445602,-14.9333515,-2.2982867,0.23559806,59.18398098601952
4502,0.0,450200,0.9961865,0.3414917,0.013421246,2880,288000,6821,6830.782093524933,-14.6669,-2.3302104,0.24634328,75.01323344812978
4509,0.0,450900,0.99616265,0.33874512,0.013471931,2885,288500,6831,6840.8130838871,-14.654858,-2.3412313,0.24362153,56.32936659656503
4515,0.0,451500,0.99615955,0.348938,0.01318925,2889,288900,6842,6851.783228397369,-15.040669,-2.270762,0.25322336,61.75184512180001
4522,0.0,452200,0.9961574,0.33831787,0.013493363,2893,289300,6852,6861.983030796051,-14.667173,-2.3541706,0.22488831,61.655242047547276
4529,0.0,452900,0.9961748,0.33813477,0.013453971,2897,289700,6862,6872.021761417389,-14.7149,-2.341474,0.23513481,53.3441629142892
4535,0.0,453500,0.99617434,0.34631348,0.013280307,2902,290200,6873,6883.052717924118,-14.852649,-2.2932072,0.25616363,56.586838467812264
4542,0.0,454200,0.9961662,0.33654785,0.013398314,2906,290600,6883,6893.06644654274,-15.013174,-2.3288817,0.23438865,62.5915241657878
4549,0.0,454900,0.99618554,0.3477173,0.013266332,2911,291100,6893,6903.234875917435,-14.826477,-2.287305,0.24292089,55.2326782829268
4554,0.0,455400,0.9962108,0.35949707,0.01300416,2915,291500,6903,6913.253583908081,-14.998568,-2.2184978,0.255908,57.12182663559854
4561,0.0,456100,0.99615335,0.32928467,0.013472132,2919,291900,6913,6923.573569774628,-14.897565,-2.3444445,0.24356459,71.24820668805954
4568,0.0,456800,0.99616814,0.33117676,0.01354582,2924,292400,6924,6934.334213972092,-14.587713,-2.363546,0.2510847,74.50329766769424
4574,0.0,457400,0.99619246,0.34613037,0.013234229,2928,292800,6934,6944.49262881279,-14.781907,-2.2827134,0.24628821,60.795660252409085
4581,0.0,458100,0.9961777,0.3305664,0.013495115,2933,293300,6944,6954.879350662231,-14.847681,-2.3505993,0.24852245,70.58913791385108
4588,0.0,458800,0.99616385,0.32836914,0.013502813,2937,293700,6955,6965.764440536499,-14.717979,-2.355252,0.25524256,69.34376142283696
4595,0.0,459500,0.99618435,0.33636475,0.013324974,2944,294400,6966,6976.860293149948,-15.167177,-2.3081527,0.23076397,54.64709864065993
4601,0.0,460100,0.9961834,0.34875488,0.013161536,2947,294700,6977,6987.632536172867,-15.150164,-2.2646804,0.26001698,63.14704967680226
4609,0.0,460900,0.9961829,0.34527588,0.013111236,2952,295200,6988,6998.570753335953,-14.971898,-2.24578,0.25621745,57.800983735823245
4616,0.0,461600,0.99617314,0.3397827,0.013489583,2956,295600,6998,7008.59866476059,-14.934511,-2.3510938,0.24282014,56.27856137117057
4621,0.0,462100,0.9961662,0.34002686,0.013471734,2960,296000,7009,7019.253391027451,-14.838205,-2.3487577,0.2285423,75.33634638916018
4629,0.0,462900,0.99619484,0.36791992,0.013047987,2965,296500,7019,7029.25264954567,-15.380743,-2.2308466,0.24951845,63.067706128271794
4635,0.0,463500,0.99618435,0.34729004,0.013296034,2971,297100,7029,7039.2631278038025,-15.431216,-2.2949572,0.26615757,54.41187919563757
4641,0.0,464100,0.99617434,0.35546875,0.013253087,2974,297400,7040,7050.058473825455,-14.888502,-2.2839901,0.24991311,71.59680214740699
4649,0.0,464900,0.99618626,0.3433838,0.013277798,2978,297800,7050,7060.15017080307,-14.88132,-2.2926393,0.24174884,61.029598856141725
4656,0.0,465600,0.9962015,0.34881592,0.013084235,2982,298200,7061,7071.0863399505615,-15.608685,-2.23912,0.26134354,62.072718157710476
4663,0.0,466300,0.9961698,0.3499756,0.0131611675,2986,298600,7072,7081.97607421875,-15.071519,-2.26016,0.26926172,54.36460464897742
4669,0.0,466900,0.9962015,0.3505249,0.013194855,2991,299100,7082,7092.1245448589325,-15.063592,-2.2694178,0.2508162,60.919005671708994
4676,0.0,467600,0.9961624,0.33624268,0.013429685,2997,299700,7092,7102.706764936447,-14.763222,-2.3346581,0.2362124,63.91078432983132
4682,0.0,468200,0.99617577,0.34918213,0.013143475,3002,300200,7103,7113.605546712875,-15.09724,-2.2600396,0.24034497,59.43122618720002
4689,0.0,468900,0.99617195,0.34265137,0.013339954,3006,300600,7114,7124.407295227051,-14.5693035,-2.3066864,0.2607762,70.99808589686589
4696,0.0,469600,0.9961746,0.34265137,0.013219277,3012,301200,7125,7135.176532745361,-15.186453,-2.2792177,0.2507683,73.71791462978256
4704,0.0,470400,0.99617267,0.34906006,0.013312876,3017,301700,7135,7145.551024675369,-15.006574,-2.3045702,0.23875807,59.17962302885574
4710,0.0,471000,0.9961791,0.34490967,0.013472572,3021,302100,7146,7156.4519238471985,-14.474194,-2.349092,0.22810802,58.02864342671382
4716,0.0,471600,0.9961636,0.33581543,0.013345238,3025,302500,7156,7166.504991769791,-14.702728,-2.316509,0.21882117,69.93110872017444
4723,0.0,472300,0.9961641,0.3348999,0.013415577,3031,303100,7166,7176.655839204788,-15.10527,-2.328019,0.24435742,61.28123320638866
4730,0.0,473000,0.99621344,0.3505249,0.013298312,3035,303500,7177,7187.563410758972,-14.648294,-2.2896504,0.2654423,55.66897345786826
4736,0.0,473600,0.99619246,0.3618164,0.013060175,3040,304000,7188,7198.296622753143,-15.3624,-2.234849,0.22941664,73.80817358797273
4744,0.0,474400,0.9961839,0.3616333,0.013140956,3044,304400,7198,7208.566646814346,-14.661228,-2.25842,0.24101591,62.151749245722364
4750,0.0,475000,0.9961641,0.3447876,0.013300927,3050,305000,7209,7219.538968324661,-14.791888,-2.299306,0.23577014,60.408748479853955
4756,0.0,475600,0.99620295,0.34918213,0.013252367,3055,305500,7219,7229.6388027668,-14.684579,-2.282226,0.24702165,73.93681826119386
4764,0.0,476400,0.9961846,0.35864258,0.013126155,3059,305900,7229,7239.904331207275,-14.953409,-2.2521777,0.24689957,51.90506572161908
4770,0.0,477000,0.99618006,0.35980225,0.013166457,3063,306300,7240,7250.87796163559,-14.959444,-2.2629154,0.25408423,60.1200306741871
4777,0.0,477700,0.99618316,0.34472656,0.013449678,3068,306800,7250,7260.947901248932,-14.799166,-2.345486,0.23080441,60.18172210433334
4783,0.0,478300,0.99618673,0.33166504,0.0133782225,3072,307200,7260,7271.310961008072,-14.979867,-2.3174028,0.25368917,56.14504256022716
4789,0.0,478900,0.9962013,0.35717773,0.013064996,3076,307600,7270,7281.641514539719,-15.031985,-2.232668,0.24990152,65.1598355781055
4796,0.0,479600,0.99617124,0.36157227,0.013171582,3081,308100,7280,7291.790953636169,-14.629742,-2.2673473,0.22304052,59.38983368839367
4803,0.0,480300,0.99618363,0.36486816,0.0129795335,3085,308500,7291,7302.787661552429,-15.264498,-2.206052,0.27035508,60.360472620337354
4810,0.0,481000,0.9962032,0.33624268,0.013552908,3089,308900,7302,7313.70995259285,-14.85483,-2.3636825,0.23691721,60.15968358931065
4816,0.0,481600,0.99617076,0.33746338,0.013450364,3093,309300,7312,7323.902197599411,-14.7996645,-2.3385406,0.24018529,63.1675707958698
4823,0.0,482300,0.99620366,0.34857178,0.013230931,3097,309700,7322,7334.120402336121,-15.228864,-2.282639,0.2511911,60.98359544410027
4829,0.0,482900,0.99617386,0.3404541,0.013253414,3101,310100,7332,7344.283044338226,-14.677148,-2.2884703,0.241518,71.46035286209627
4835,0.0,483500,0.9961586,0.34454346,0.013324573,3105,310500,7342,7354.395398378372,-14.93502,-2.3038065,0.24853125,68.51326605593098
4842,0.0,484200,0.9961953,0.35864258,0.013312223,3109,310900,7352,7364.4358468055725,-14.697115,-2.3033628,0.24721558,60.95576090967408
4848,0.0,484800,0.99618435,0.33947754,0.013396632,3112,311200,7362,7374.4870429039,-14.977528,-2.3280501,0.24106865,64.78604146579573
4855,0.0,485500,0.99618316,0.34875488,0.013214361,3117,311700,7373,7385.367088794708,-14.79587,-2.275077,0.23438528,60.736414567664305
4862,0.0,486200,0.99616647,0.34521484,0.013416447,3122,312200,7383,7395.638690233231,-14.664885,-2.3300161,0.2396199,51.17570489321152
4868,0.0,486800,0.99615383,0.34161377,0.013522696,3125,312500,7393,7405.839776515961,-14.480292,-2.3612359,0.23361582,72.02221983730065
4876,0.0,487600,0.99619436,0.36975098,0.01305904,3130,313000,7404,7416.932737112045,-14.711683,-2.231091,0.25022557,55.2668726478909
4882,0.0,488200,0.99616575,0.3388672,0.013206598,3134,313400,7415,7427.771468877792,-14.822656,-2.272149,0.23872828,63.050404065885076
4889,0.0,488900,0.99619675,0.35455322,0.013366275,3138,313800,7425,7437.96392416954,-14.658519,-2.3184874,0.22022799,58.78942543336144
4896,0.0,489600,0.99617624,0.34466553,0.013246244,3143,314300,7436,7448.759216547012,-14.826089,-2.2845247,0.24036215,57.13105396915799
4902,0.0,490200,0.99616337,0.34570312,0.013238875,3146,314600,7446,7458.977469444275,-15.003843,-2.2849193,0.23381825,57.615859010035294
4908,0.0,490800,0.99615383,0.32226562,0.013622861,3150,315000,7456,7469.038414955139,-14.822525,-2.3858411,0.22453737,66.5555709002138
4915,0.0,491500,0.9961858,0.3461914,0.013327837,3154,315400,7466,7479.266553878784,-14.667109,-2.3034458,0.25608742,60.70846192223197
4922,0.0,492200,0.99618363,0.35577393,0.0131589,3158,315800,7476,7489.51895904541,-14.653517,-2.2582078,0.25009343,54.02122327017066
4928,0.0,492800,0.9961622,0.33563232,0.013415056,3163,316300,7487,7500.384575843811,-14.877293,-2.3254561,0.2646544,71.98139242536135
4935,0.0,493500,0.99617696,0.3557129,0.013222422,3168,316800,7498,7511.404299497604,-14.757859,-2.2800846,0.22868545,60.276114365780984
4941,0.0,494100,0.9961901,0.35412598,0.013242496,3173,317300,7508,7521.739860296249,-14.725604,-2.2838013,0.24312663,54.74249363172345
4949,0.0,494900,0.99617004,0.34613037,0.013330627,3177,317700,7518,7531.982214450836,-14.646741,-2.3056984,0.25592643,53.48919188785332
4954,0.0,495400,0.99619603,0.34979248,0.013153391,3182,318200,7529,7542.693262577057,-14.745052,-2.2644186,0.22932221,63.23669165960727
4961,0.0,496100,0.99620533,0.35943604,0.013152168,3185,318500,7539,7552.866986989975,-14.815262,-2.252719,0.26290208,69.6101299960843
4969,0.0,496900,0.9961722,0.35662842,0.013098815,3189,318900,7549,7563.03727388382,-15.1200485,-2.2426205,0.25003022,60.689013280411544
4974,0.0,497400,0.99619627,0.35650635,0.013182024,3194,319400,7560,7573.879427433014,-14.749451,-2.2640738,0.26152328,71.74999445374166
